ID,RegistrationDate,District,District_ID,DistrictCanonized,same_as_wikidata_distrito,Hood,Hood_ID,same_as_wikidata_hood,HoodCanonized,Street,Street_ID,same_as_wikidata_street,StreetCanonized,Direction,DirectionCanonized,Number,Company,Company_ID,same_as_wikidata_company,Places,Longitude,Latitude
001a,2019-07-12T00:00:00Z,Centro,Q1763376,01Centro,https://www.wikidata.org/wiki/Q1763376,Sol,Q2465181,https://www.wikidata.org/wiki/Q2465181,01-06Sol,calle de Alcalá,Q2424746,https://www.wikidata.org/wiki/Q2424746,CalleDeAlcala, Calle De Alcala 2,CalleDeAlcala2,2,BiciMAD,Q17402113,https://www.wikidata.org/wiki/Q17402113,30,-3.701998,40.4171107
001b,2020-09-02T00:00:00Z,Centro,Q1763376,01Centro,https://www.wikidata.org/wiki/Q1763376,Sol,Q2465181,https://www.wikidata.org/wiki/Q2465181,01-06Sol,calle de Alcalá,Q2424746,https://www.wikidata.org/wiki/Q2424746,CalleDeAlcala, Calle De Alcala 6,CalleDeAlcala6,6,BiciMAD,Q17402113,https://www.wikidata.org/wiki/Q17402113,30,-3.7015636,40.4172132
2,2014-06-26T00:00:00Z,Centro,Q1763376,01Centro,https://www.wikidata.org/wiki/Q1763376,Universidad,Q10387767,https://www.wikidata.org/wiki/Q10387767,01-05Universidad, Calle De Miguel Moya,,,CalleDeMiguelMoya, Calle De Miguel Moya 1,CalleDeMiguelMoya1,1,BiciMAD,Q17402113,https://www.wikidata.org/wiki/Q17402113,24,-3.7056739,40.42058
3,2014-06-26T00:00:00Z,Chamberí,Q1763370,07Chamberi,https://www.wikidata.org/wiki/Q1763370,Arapiles,Q10856744,https://www.wikidata.org/wiki/Q10856744,07-02Arapiles,plaza del Conde del Valle de Súchil,Q27244013,https://www.wikidata.org/wiki/Q27244013,PlazaDelCondeDelValleDeSuchil, Plaza Del Conde Del Valle De Suchil 2,PlazaDelCondeDelValleDeSuchil2,2,BiciMAD,Q17402113,https://www.wikidata.org/wiki/Q17402113,18,-3.7072122,40.4303224
4,2014-06-26T00:00:00Z,Centro,Q1763376,01Centro,https://www.wikidata.org/wiki/Q1763376,Universidad,Q10387767,https://www.wikidata.org/wiki/Q10387767,01-05Universidad,calle de Manuela Malasaña,Q27044275,https://www.wikidata.org/wiki/Q27044275,CalleDeManuelaMalasanna, Calle De Manuela Malasaña 3,CalleDeManuelaMalasanna3,3,BiciMAD,Q17402113,https://www.wikidata.org/wiki/Q17402113,24,-3.7026739,40.4285905
5,2014-06-26T00:00:00Z,Centro,Q1763376,01Centro,https://www.wikidata.org/wiki/Q1763376,Justicia,Q1992319,https://www.wikidata.org/wiki/Q1992319,01-04Justicia,calle de Fuencarral,Q5740840,https://www.wikidata.org/wiki/Q5740840,CalleDeFuencarral, Calle De Fuencarral 106,CalleDeFuencarral106,106,BiciMAD,Q17402113,https://www.wikidata.org/wiki/Q17402113,27,-3.7020743,40.428362
6,2014-06-26T00:00:00Z,Centro,Q1763376,01Centro,https://www.wikidata.org/wiki/Q1763376,Justicia,Q1992319,https://www.wikidata.org/wiki/Q1992319,01-04Justicia,calle de Hortaleza,Q5740911,https://www.wikidata.org/wiki/Q5740911,CalleDeHortaleza, Calle De Hortaleza 63,CalleDeHortaleza63,63,BiciMAD,Q17402113,https://www.wikidata.org/wiki/Q17402113,24,-3.6984093,40.4241633
7,2014-06-26T00:00:00Z,Centro,Q1763376,01Centro,https://www.wikidata.org/wiki/Q1763376,Justicia,Q1992319,https://www.wikidata.org/wiki/Q1992319,01-04Justicia,calle de Hortaleza,Q5740911,https://www.wikidata.org/wiki/Q5740911,CalleDeHortaleza, Calle De Hortaleza 75,CalleDeHortaleza75,75,BiciMAD,Q17402113,https://www.wikidata.org/wiki/Q17402113,21,-3.6977399,40.4252161
8,2014-06-26T00:00:00Z,Chamberí,Q1763370,07Chamberi,https://www.wikidata.org/wiki/Q1763370,Almagro,Q10954432,https://www.wikidata.org/wiki/Q10954432,07-04Almagro,plaza de Alonso Martínez,Q6079873,https://www.wikidata.org/wiki/Q6079873,PlazaDeAlonsoMartinez, Plaza De Alonso Martinez 6,PlazaDeAlonsoMartinez6,6,BiciMAD,Q17402113,https://www.wikidata.org/wiki/Q17402113,24,-3.6953067,40.4277143
9,2014-06-26T00:00:00Z,Centro,Q1763376,01Centro,https://www.wikidata.org/wiki/Q1763376,Palacio,Q2136510,https://www.wikidata.org/wiki/Q2136510,01-01Palacio,plaza de San Miguel,Q52051752,https://www.wikidata.org/wiki/Q52051752,PlazaDeSanMiguel, Plaza De San Miguel 9,PlazaDeSanMiguel9,9,BiciMAD,Q17402113,https://www.wikidata.org/wiki/Q17402113,24,-3.7094093,40.4156134
10,2014-06-26T00:00:00Z,Centro,Q1763376,01Centro,https://www.wikidata.org/wiki/Q1763376,Justicia,Q1992319,https://www.wikidata.org/wiki/Q1992319,01-04Justicia,calle del Marqués de la Ensenada,Q55227717,https://www.wikidata.org/wiki/Q55227717,CalleDelMarquesDeLaEnsenada, Calle Del Marques De La Ensenada 16,CalleDelMarquesDeLaEnsenada16,16,BiciMAD,Q17402113,https://www.wikidata.org/wiki/Q17402113,24,-3.6920816,40.4254027
11,2014-06-26T00:00:00Z,Centro,Q1763376,01Centro,https://www.wikidata.org/wiki/Q1763376,Universidad,Q10387767,https://www.wikidata.org/wiki/Q10387767,01-05Universidad,calle de San Andrés,Q27166315,https://www.wikidata.org/wiki/Q27166315,CalleDeSanAndres, Calle De San Andres 20,CalleDeSanAndres20,20,BiciMAD,Q17402113,https://www.wikidata.org/wiki/Q17402113,24,-3.7036192,40.4270517
12,2014-06-26T00:00:00Z,Centro,Q1763376,01Centro,https://www.wikidata.org/wiki/Q1763376,Universidad,Q10387767,https://www.wikidata.org/wiki/Q10387767,01-05Universidad,calle de San Bernardo,Q5740864,https://www.wikidata.org/wiki/Q5740864,CalleDeSanBernardo, Calle De San Bernardo 87,CalleDeSanBernardo87,87,BiciMAD,Q17402113,https://www.wikidata.org/wiki/Q17402113,24,-3.7062202,40.4285271
13,2014-06-26T00:00:00Z,Centro,Q1763376,01Centro,https://www.wikidata.org/wiki/Q1763376,Universidad,Q10387767,https://www.wikidata.org/wiki/Q10387767,01-05Universidad,calle del Conde Duque,Q27031730,https://www.wikidata.org/wiki/Q27031730,CalleDelCondeDuque, Calle Del Conde Duque 22,CalleDelCondeDuque22,22,BiciMAD,Q17402113,https://www.wikidata.org/wiki/Q17402113,24,-3.7104727,40.4273652
14,2020-05-08T00:00:00Z,Moncloa-Aravaca,Q2017682,09MoncloaAravaca,https://www.wikidata.org/wiki/Q2017682,Argüelles,Q64874,https://www.wikidata.org/wiki/Q64874,09-02Arguelles,calle de Ventura Rodríguez,Q28016771,https://www.wikidata.org/wiki/Q28016771,CalleDeVenturaRodriguez, Calle De Ventura Rodriguez 1,CalleDeVenturaRodriguez1,1,BiciMAD,Q17402113,https://www.wikidata.org/wiki/Q17402113,24,-3.7133768,40.4259913
15,2020-02-23T00:00:00Z,Centro,Q1763376,01Centro,https://www.wikidata.org/wiki/Q1763376,Universidad,Q10387767,https://www.wikidata.org/wiki/Q10387767,01-05Universidad,calle del Norte,Q29840509,https://www.wikidata.org/wiki/Q29840509,CalleDelNorte, Calle Del Norte 10,CalleDelNorte10,10,BiciMAD,Q17402113,https://www.wikidata.org/wiki/Q17402113,21,-3.7073611,40.4262937
16,2014-06-26T00:00:00Z,Centro,Q1763376,01Centro,https://www.wikidata.org/wiki/Q1763376,Universidad,Q10387767,https://www.wikidata.org/wiki/Q10387767,01-05Universidad,calle de San Bernardo,Q5740864,https://www.wikidata.org/wiki/Q5740864,CalleDeSanBernardo, Calle De San Bernardo 22,CalleDeSanBernardo22,22,BiciMAD,Q17402113,https://www.wikidata.org/wiki/Q17402113,21,-3.7074955,40.4229421
17,2014-06-26T00:00:00Z,Centro,Q1763376,01Centro,https://www.wikidata.org/wiki/Q1763376,Universidad,Q10387767,https://www.wikidata.org/wiki/Q10387767,01-05Universidad, Plaza De Carlos Cambronero,,,PlazaDeCarlosCambronero, Plaza De Carlos Cambronero 2,PlazaDeCarlosCambronero2,2,BiciMAD,Q17402113,https://www.wikidata.org/wiki/Q17402113,24,-3.7041859,40.4231675
18,2014-06-26T00:00:00Z,Centro,Q1763376,01Centro,https://www.wikidata.org/wiki/Q1763376,Justicia,Q1992319,https://www.wikidata.org/wiki/Q1992319,01-04Justicia,plaza de Pedro Zerolo,Q6080146,https://www.wikidata.org/wiki/Q6080146,PlazaDePedroZerolo, Plaza De Pedro Zerolo 1,PlazaDePedroZerolo1,1,BiciMAD,Q17402113,https://www.wikidata.org/wiki/Q17402113,24,-3.6995679,40.4209206
19,2014-06-26T00:00:00Z,Centro,Q1763376,01Centro,https://www.wikidata.org/wiki/Q1763376,Justicia,Q1992319,https://www.wikidata.org/wiki/Q1992319,01-04Justicia,calle de Prim,Q28916366,https://www.wikidata.org/wiki/Q28916366,CalleDePrim, Calle De Prim 4,CalleDePrim4,4,BiciMAD,Q17402113,https://www.wikidata.org/wiki/Q17402113,24,-3.6953951,40.4218997
20,2014-06-26T00:00:00Z,Centro,Q1763376,01Centro,https://www.wikidata.org/wiki/Q1763376,Justicia,Q1992319,https://www.wikidata.org/wiki/Q1992319,01-04Justicia,calle de Alcalá,Q2424746,https://www.wikidata.org/wiki/Q2424746,CalleDeAlcala, Calle De Alcala 49,CalleDeAlcala49,49,BiciMAD,Q17402113,https://www.wikidata.org/wiki/Q17402113,24,-3.6952095,40.4191989
020ampliacion,2018-07-13T00:00:00Z,Centro,Q1763376,01Centro,https://www.wikidata.org/wiki/Q1763376,Justicia,Q1992319,https://www.wikidata.org/wiki/Q1992319,01-04Justicia,calle de Alcalá,Q2424746,https://www.wikidata.org/wiki/Q2424746,CalleDeAlcala, Calle De Alcala 49,CalleDeAlcala49,49,BiciMAD,Q17402113,https://www.wikidata.org/wiki/Q17402113,6,-3.6952901,40.4191858
22,2014-06-26T00:00:00Z,Centro,Q1763376,01Centro,https://www.wikidata.org/wiki/Q1763376,Sol,Q2465181,https://www.wikidata.org/wiki/Q2465181,01-06Sol,calle de Jacometrezo,Q5651414,https://www.wikidata.org/wiki/Q5651414,CalleDeJacometrezo, Calle De Jacometrezo 1,CalleDeJacometrezo1,1,BiciMAD,Q17402113,https://www.wikidata.org/wiki/Q17402113,24,-3.7064995,40.4201452
24,2014-06-26T00:00:00Z,Centro,Q1763376,01Centro,https://www.wikidata.org/wiki/Q1763376,Palacio,Q2136510,https://www.wikidata.org/wiki/Q2136510,01-01Palacio,calle de Carlos III,Q29004341,https://www.wikidata.org/wiki/Q29004341,CalleDeCarlosIii, Calle De Carlos Iii 1,CalleDeCarlosIii1,1,BiciMAD,Q17402113,https://www.wikidata.org/wiki/Q17402113,24,-3.7105866,40.417906
025a,2014-06-26T00:00:00Z,Centro,Q1763376,01Centro,https://www.wikidata.org/wiki/Q1763376,Sol,Q2465181,https://www.wikidata.org/wiki/Q2465181,01-06Sol, Plaza Del Celenque,,,PlazaDelCelenque, Plaza Del Celenque 1,PlazaDelCelenque1,1,BiciMAD,Q17402113,https://www.wikidata.org/wiki/Q17402113,24,-3.7059978,40.4173416
025b,2014-06-26T00:00:00Z,Centro,Q1763376,01Centro,https://www.wikidata.org/wiki/Q1763376,Sol,Q2465181,https://www.wikidata.org/wiki/Q2465181,01-06Sol, Plaza Del Celenque,,,PlazaDelCelenque, Plaza Del Celenque 1,PlazaDelCelenque1,1,BiciMAD,Q17402113,https://www.wikidata.org/wiki/Q17402113,24,-3.7060243,40.4172593
26,2014-06-26T00:00:00Z,Centro,Q1763376,01Centro,https://www.wikidata.org/wiki/Q1763376,Justicia,Q1992319,https://www.wikidata.org/wiki/Q1992319,01-04Justicia,plaza de las Salesas,Q28916480,https://www.wikidata.org/wiki/Q28916480,PlazaDeLasSalesas, Plaza De Las Salesas 8,PlazaDeLasSalesas8,8,BiciMAD,Q17402113,https://www.wikidata.org/wiki/Q17402113,24,-3.6945421,40.4238308
27,2014-06-26T00:00:00Z,Centro,Q1763376,01Centro,https://www.wikidata.org/wiki/Q1763376,Cortes,Q2535637,https://www.wikidata.org/wiki/Q2535637,01-03Cortes,calle de Jesús,Q27051182,https://www.wikidata.org/wiki/Q27051182,CalleDeJesus, Calle De Jesus 6,CalleDeJesus6,6,BiciMAD,Q17402113,https://www.wikidata.org/wiki/Q17402113,27,-3.6955803,40.4132831
28,2020-07-05T00:00:00Z,Centro,Q1763376,01Centro,https://www.wikidata.org/wiki/Q1763376,Cortes,Q2535637,https://www.wikidata.org/wiki/Q2535637,01-03Cortes,calle de Alcalá,Q2424746,https://www.wikidata.org/wiki/Q2424746,CalleDeAlcala, Calle De Alcala 26,CalleDeAlcala26,26,BiciMAD,Q17402113,https://www.wikidata.org/wiki/Q17402113,24,-3.6983662,40.4180695
29,2014-06-26T00:00:00Z,Centro,Q1763376,01Centro,https://www.wikidata.org/wiki/Q1763376,Cortes,Q2535637,https://www.wikidata.org/wiki/Q2535637,01-03Cortes,calle del Marqués de Cubas,Q19304646,https://www.wikidata.org/wiki/Q19304646,CalleDelMarquesDeCubas, Calle Del Marques De Cubas 25,CalleDelMarquesDeCubas25,25,BiciMAD,Q17402113,https://www.wikidata.org/wiki/Q17402113,24,-3.6958008,40.416244
30,2014-06-26T00:00:00Z,Centro,Q1763376,01Centro,https://www.wikidata.org/wiki/Q1763376,Palacio,Q2136510,https://www.wikidata.org/wiki/Q2136510,01-01Palacio,calle de Pavía,Q30816733,https://www.wikidata.org/wiki/Q30816733,CalleDePavia, Calle De Pavia 6,CalleDePavia6,6,BiciMAD,Q17402113,https://www.wikidata.org/wiki/Q17402113,27,-3.7115428,40.4193355
31,2014-06-26T00:00:00Z,Centro,Q1763376,01Centro,https://www.wikidata.org/wiki/Q1763376,Sol,Q2465181,https://www.wikidata.org/wiki/Q2465181,01-06Sol,Calle Mayor,Q1149052,https://www.wikidata.org/wiki/Q1149052,CalleMayor, Calle Mayor 18,CalleMayor18,18,BiciMAD,Q17402113,https://www.wikidata.org/wiki/Q17402113,27,-3.706625,40.4163446
32,2014-06-26T00:00:00Z,Centro,Q1763376,01Centro,https://www.wikidata.org/wiki/Q1763376,Sol,Q2465181,https://www.wikidata.org/wiki/Q2465181,01-06Sol,plaza de la Provincia,Q12344133,https://www.wikidata.org/wiki/Q12344133,PlazaDeLaProvincia, Plaza De La Provincia 1,PlazaDeLaProvincia1,1,BiciMAD,Q17402113,https://www.wikidata.org/wiki/Q17402113,18,-3.7061355,40.4148511
33,2019-02-22T00:00:00Z,Centro,Q1763376,01Centro,https://www.wikidata.org/wiki/Q1763376,Sol,Q2465181,https://www.wikidata.org/wiki/Q2465181,01-06Sol,calle de las Carretas,Q5740952,https://www.wikidata.org/wiki/Q5740952,CalleDeLasCarretas, Calle De Las Carretas 3,CalleDeLasCarretas3,3,BiciMAD,Q17402113,https://www.wikidata.org/wiki/Q17402113,21,-3.7032096,40.4164757
35,2014-06-26T00:00:00Z,Centro,Q1763376,01Centro,https://www.wikidata.org/wiki/Q1763376,Palacio,Q2136510,https://www.wikidata.org/wiki/Q2136510,01-01Palacio,plaza del Cordón,Q52063495,https://www.wikidata.org/wiki/Q52063495,PlazaDelCordon, Plaza Del Cordon 1,PlazaDelCordon1,1,BiciMAD,Q17402113,https://www.wikidata.org/wiki/Q17402113,24,-3.7103676,40.4141792
36,2014-06-26T00:00:00Z,Centro,Q1763376,01Centro,https://www.wikidata.org/wiki/Q1763376,Palacio,Q2136510,https://www.wikidata.org/wiki/Q2136510,01-01Palacio,plaza de Ramales,Q2839150,https://www.wikidata.org/wiki/Q2839150,PlazaDeRamales, Plaza De Ramales 5,PlazaDeRamales5,5,BiciMAD,Q17402113,https://www.wikidata.org/wiki/Q17402113,24,-3.711764,40.4168229
37,2014-06-26T00:00:00Z,Centro,Q1763376,01Centro,https://www.wikidata.org/wiki/Q1763376,Palacio,Q2136510,https://www.wikidata.org/wiki/Q2136510,01-01Palacio,Plaza de San Francisco,Q104969914,https://www.wikidata.org/wiki/Q104969914,PlazaDeSanFrancisco, Plaza De San Francisco 5,PlazaDeSanFrancisco5,5,BiciMAD,Q17402113,https://www.wikidata.org/wiki/Q17402113,24,-3.7141234,40.4108606
38,2014-06-26T00:00:00Z,Centro,Q1763376,01Centro,https://www.wikidata.org/wiki/Q1763376,Palacio,Q2136510,https://www.wikidata.org/wiki/Q2136510,01-01Palacio,Carrera de San Francisco,Q24526469,https://www.wikidata.org/wiki/Q24526469,CarreraDeSanFrancisco, Carrera De San Francisco 1,CarreraDeSanFrancisco1,1,BiciMAD,Q17402113,https://www.wikidata.org/wiki/Q17402113,24,-3.7114443,40.4112961
39,2014-06-26T00:00:00Z,Centro,Q1763376,01Centro,https://www.wikidata.org/wiki/Q1763376,Palacio,Q2136510,https://www.wikidata.org/wiki/Q2136510,01-01Palacio,plaza de la Cebada,Q9060972,https://www.wikidata.org/wiki/Q9060972,PlazaDeLaCebada, Plaza De La Cebada 16,PlazaDeLaCebada16,16,BiciMAD,Q17402113,https://www.wikidata.org/wiki/Q17402113,27,-3.7090043,40.4112662
40,2014-06-26T00:00:00Z,Centro,Q1763376,01Centro,https://www.wikidata.org/wiki/Q1763376,Embajadores,Q2449844,https://www.wikidata.org/wiki/Q2449844,01-02Embajadores,calle del Conde de Romanones,Q28026494,https://www.wikidata.org/wiki/Q28026494,CalleDelCondeDeRomanones, Calle Del Conde De Romanones 2,CalleDelCondeDeRomanones2,2,BiciMAD,Q17402113,https://www.wikidata.org/wiki/Q17402113,24,-3.7047463,40.4137865
41,2019-01-18T00:00:00Z,Centro,Q1763376,01Centro,https://www.wikidata.org/wiki/Q1763376,Embajadores,Q2449844,https://www.wikidata.org/wiki/Q2449844,01-02Embajadores,calle de Atocha,Q5492657,https://www.wikidata.org/wiki/Q5492657,CalleDeAtocha, Calle De Atocha 56,CalleDeAtocha56,56,BiciMAD,Q17402113,https://www.wikidata.org/wiki/Q17402113,18,-3.6989898,40.412228
42,2014-06-26T00:00:00Z,Centro,Q1763376,01Centro,https://www.wikidata.org/wiki/Q1763376,Embajadores,Q2449844,https://www.wikidata.org/wiki/Q2449844,01-02Embajadores,calle de Santa Isabel,Q2882669,https://www.wikidata.org/wiki/Q2882669,CalleDeSantaIsabel, Calle De Santa Isabel 32,CalleDeSantaIsabel32,32,BiciMAD,Q17402113,https://www.wikidata.org/wiki/Q17402113,24,-3.6982294,40.4107714
43,2014-06-26T00:00:00Z,Centro,Q1763376,01Centro,https://www.wikidata.org/wiki/Q1763376,Embajadores,Q2449844,https://www.wikidata.org/wiki/Q2449844,01-02Embajadores,calle de Lavapiés,Q19969082,https://www.wikidata.org/wiki/Q19969082,CalleDeLavapies, Calle De Lavapies 36,CalleDeLavapies36,36,BiciMAD,Q17402113,https://www.wikidata.org/wiki/Q17402113,24,-3.7025446,40.4100889
44,2014-06-26T00:00:00Z,Centro,Q1763376,01Centro,https://www.wikidata.org/wiki/Q1763376,Embajadores,Q2449844,https://www.wikidata.org/wiki/Q2449844,01-02Embajadores,calle del Mesón de Paredes,Q5686332,https://www.wikidata.org/wiki/Q5686332,CalleDelMesonDeParedes, Calle Del Meson De Paredes 35,CalleDelMesonDeParedes35,35,BiciMAD,Q17402113,https://www.wikidata.org/wiki/Q17402113,21,-3.7039138,40.4098162
45,2014-06-26T00:00:00Z,Centro,Q1763376,01Centro,https://www.wikidata.org/wiki/Q1763376,Embajadores,Q2449844,https://www.wikidata.org/wiki/Q2449844,01-02Embajadores, Glorieta De La Puerta De Toledo,,,GlorietaDeLaPuertaDeToledo, Glorieta De La Puerta De Toledo 1,GlorietaDeLaPuertaDeToledo1,1,BiciMAD,Q17402113,https://www.wikidata.org/wiki/Q17402113,21,-3.7111381,40.4069486
46,2014-06-26T00:00:00Z,Arganzuela,Q2000929,02Arganzuela,https://www.wikidata.org/wiki/Q2000929,Acacias,Q3319190,https://www.wikidata.org/wiki/Q3319190,02-02Acacias,calle de la Ribera de Curtidores,Q5740938,https://www.wikidata.org/wiki/Q5740938,CalleDeLaRiberaDeCurtidores, Calle De La Ribera De Curtidores 28,CalleDeLaRiberaDeCurtidores28,28,BiciMAD,Q17402113,https://www.wikidata.org/wiki/Q17402113,24,-3.7071178,40.4054496
47,2014-06-26T00:00:00Z,Arganzuela,Q2000929,02Arganzuela,https://www.wikidata.org/wiki/Q2000929,Acacias,Q3319190,https://www.wikidata.org/wiki/Q3319190,02-02Acacias,glorieta de Embajadores,Q16571874,https://www.wikidata.org/wiki/Q16571874,GlorietaDeEmbajadores, Glorieta De Embajadores 7,GlorietaDeEmbajadores7,7,BiciMAD,Q17402113,https://www.wikidata.org/wiki/Q17402113,24,-3.702755,40.4046233
48,2014-06-26T00:00:00Z,Centro,Q1763376,01Centro,https://www.wikidata.org/wiki/Q1763376,Embajadores,Q2449844,https://www.wikidata.org/wiki/Q2449844,01-02Embajadores,glorieta de Embajadores,Q16571874,https://www.wikidata.org/wiki/Q16571874,GlorietaDeEmbajadores, Glorieta De Embajadores 2,GlorietaDeEmbajadores2,2,BiciMAD,Q17402113,https://www.wikidata.org/wiki/Q17402113,24,-3.7020997,40.4054473
49,2014-06-26T00:00:00Z,Centro,Q1763376,01Centro,https://www.wikidata.org/wiki/Q1763376,Embajadores,Q2449844,https://www.wikidata.org/wiki/Q2449844,01-02Embajadores,Ronda de Atocha,Q26831149,https://www.wikidata.org/wiki/Q26831149,RondaDeAtocha, Ronda De Atocha 36,RondaDeAtocha36,36,BiciMAD,Q17402113,https://www.wikidata.org/wiki/Q17402113,24,-3.6992427,40.4060497
50,2014-06-26T00:00:00Z,Centro,Q1763376,01Centro,https://www.wikidata.org/wiki/Q1763376,Embajadores,Q2449844,https://www.wikidata.org/wiki/Q2449844,01-02Embajadores,calle de Santa Isabel,Q2882669,https://www.wikidata.org/wiki/Q2882669,CalleDeSantaIsabel, Calle De Santa Isabel 57,CalleDeSantaIsabel57,57,BiciMAD,Q17402113,https://www.wikidata.org/wiki/Q17402113,24,-3.69322,40.4083102
51,2014-06-26T00:00:00Z,Centro,Q1763376,01Centro,https://www.wikidata.org/wiki/Q1763376,Embajadores,Q2449844,https://www.wikidata.org/wiki/Q2449844,01-02Embajadores,plaza del Emperador Carlos V,Q7203711,https://www.wikidata.org/wiki/Q7203711,PlazaDelEmperadorCarlosV, Plaza Del Emperador Carlos V 7,PlazaDelEmperadorCarlosV7,7,BiciMAD,Q17402113,https://www.wikidata.org/wiki/Q17402113,27,-3.6935934,40.4077234
52,2014-06-26T00:00:00Z,Centro,Q1763376,01Centro,https://www.wikidata.org/wiki/Q1763376,Cortes,Q2535637,https://www.wikidata.org/wiki/Q2535637,01-03Cortes,plaza de Santa Ana,Q740210,https://www.wikidata.org/wiki/Q740210,PlazaDeSantaAna, Plaza De Santa Ana 9,PlazaDeSantaAna9,9,BiciMAD,Q17402113,https://www.wikidata.org/wiki/Q17402113,24,-3.7007838,40.4145181
53,2014-06-26T00:00:00Z,Centro,Q1763376,01Centro,https://www.wikidata.org/wiki/Q1763376,Embajadores,Q2449844,https://www.wikidata.org/wiki/Q2449844,01-02Embajadores,calle de Valencia,Q26810468,https://www.wikidata.org/wiki/Q26810468,CalleDeValencia, Calle De Valencia 2,CalleDeValencia2,2,BiciMAD,Q17402113,https://www.wikidata.org/wiki/Q17402113,24,-3.7007295,40.4082802
54,2014-06-26T00:00:00Z,Centro,Q1763376,01Centro,https://www.wikidata.org/wiki/Q1763376,Justicia,Q1992319,https://www.wikidata.org/wiki/Q1992319,01-04Justicia,calle de Barceló,Q27051120,https://www.wikidata.org/wiki/Q27051120,CalleDeBarcelo, Calle De Barcelo 7,CalleDeBarcelo7,7,BiciMAD,Q17402113,https://www.wikidata.org/wiki/Q17402113,21,-3.7003435,40.4266233
55,2014-06-26T00:00:00Z,Centro,Q1763376,01Centro,https://www.wikidata.org/wiki/Q1763376,Universidad,Q10387767,https://www.wikidata.org/wiki/Q10387767,01-05Universidad,plaza de San Ildefonso,Q6080070,https://www.wikidata.org/wiki/Q6080070,PlazaDeSanIldefonso, Plaza De San Ildefonso 8,PlazaDeSanIldefonso8,8,BiciMAD,Q17402113,https://www.wikidata.org/wiki/Q17402113,24,-3.7019295,40.4240716
56,2014-06-26T00:00:00Z,Centro,Q1763376,01Centro,https://www.wikidata.org/wiki/Q1763376,Sol,Q2465181,https://www.wikidata.org/wiki/Q2465181,01-06Sol,Plaza del Carmen,Q6080406,https://www.wikidata.org/wiki/Q6080406,PlazaDelCarmen, Plaza Del Carmen 1,PlazaDelCarmen1,1,BiciMAD,Q17402113,https://www.wikidata.org/wiki/Q17402113,24,-3.7032875,40.418484
57,2014-06-26T00:00:00Z,Centro,Q1763376,01Centro,https://www.wikidata.org/wiki/Q1763376,Universidad,Q10387767,https://www.wikidata.org/wiki/Q10387767,01-05Universidad,calle de Santa Cruz de Marcenado,Q54801433,https://www.wikidata.org/wiki/Q54801433,CalleDeSantaCruzDeMarcenado, Calle De Santa Cruz De Marcenado 24,CalleDeSantaCruzDeMarcenado24,24,BiciMAD,Q17402113,https://www.wikidata.org/wiki/Q17402113,24,-3.7128181,40.4296363
58,2014-06-26T00:00:00Z,Centro,Q1763376,01Centro,https://www.wikidata.org/wiki/Q1763376,Justicia,Q1992319,https://www.wikidata.org/wiki/Q1992319,01-04Justicia,calle de Augusto Figueroa,Q29564346,https://www.wikidata.org/wiki/Q29564346,CalleDeAugustoFigueroa, Calle De Augusto Figueroa 33,CalleDeAugustoFigueroa33,33,BiciMAD,Q17402113,https://www.wikidata.org/wiki/Q17402113,24,-3.6979458,40.4222601
59,2014-06-26T00:00:00Z,Centro,Q1763376,01Centro,https://www.wikidata.org/wiki/Q1763376,Universidad,Q10387767,https://www.wikidata.org/wiki/Q10387767,01-05Universidad,calle del Espíritu Santo,Q5740833,https://www.wikidata.org/wiki/Q5740833,CalleDelEspirituSanto, Calle Del Espiritu Santo 30,CalleDelEspirituSanto30,30,BiciMAD,Q17402113,https://www.wikidata.org/wiki/Q17402113,21,-3.7041167,40.4254802
60,2014-06-26T00:00:00Z,Retiro,Q2002296,03Retiro,https://www.wikidata.org/wiki/Q2002296,Jerónimos,Q10306766,https://www.wikidata.org/wiki/Q10306766,03-05Jeronimos,plaza de la Independencia,Q4967671,https://www.wikidata.org/wiki/Q4967671,PlazaDeLaIndependencia, Plaza De La Independencia 7,PlazaDeLaIndependencia7,7,BiciMAD,Q17402113,https://www.wikidata.org/wiki/Q17402113,24,-3.6881994,40.4194508
61,2014-06-26T00:00:00Z,Retiro,Q2002296,03Retiro,https://www.wikidata.org/wiki/Q2002296,Ibiza,Q15249910,https://www.wikidata.org/wiki/Q15249910,03-04Ibiza,calle de O'Donnell,Q5740859,https://www.wikidata.org/wiki/Q5740859,CalleDeOdonnell, Calle De O'donnell 30,CalleDeOdonnell30,30,BiciMAD,Q17402113,https://www.wikidata.org/wiki/Q17402113,24,-3.675206,40.4214379
62,2014-06-26T00:00:00Z,Retiro,Q2002296,03Retiro,https://www.wikidata.org/wiki/Q2002296,Ibiza,Q15249910,https://www.wikidata.org/wiki/Q15249910,03-04Ibiza,calle de O'Donnell,Q5740859,https://www.wikidata.org/wiki/Q5740859,CalleDeOdonnell, Calle De O'donnell 48,CalleDeOdonnell48,48,BiciMAD,Q17402113,https://www.wikidata.org/wiki/Q17402113,24,-3.6724223,40.4212986
63,2014-06-26T00:00:00Z,Retiro,Q2002296,03Retiro,https://www.wikidata.org/wiki/Q2002296,Ibiza,Q15249910,https://www.wikidata.org/wiki/Q15249910,03-04Ibiza,calle de Ibiza,Q63247838,https://www.wikidata.org/wiki/Q63247838,CalleDeIbiza, Calle De Ibiza 64,CalleDeIbiza64,64,BiciMAD,Q17402113,https://www.wikidata.org/wiki/Q17402113,24,-3.6706508,40.4178926
65,2014-06-26T00:00:00Z,Retiro,Q2002296,03Retiro,https://www.wikidata.org/wiki/Q2002296,Jerónimos,Q10306766,https://www.wikidata.org/wiki/Q10306766,03-05Jeronimos,calle de Antonio Maura,Q29566726,https://www.wikidata.org/wiki/Q29566726,CalleDeAntonioMaura, Calle De Antonio Maura 15,CalleDeAntonioMaura15,15,BiciMAD,Q17402113,https://www.wikidata.org/wiki/Q17402113,24,-3.6893825,40.4166859
67,2014-06-26T00:00:00Z,Centro,Q1763376,01Centro,https://www.wikidata.org/wiki/Q1763376,Cortes,Q2535637,https://www.wikidata.org/wiki/Q2535637,01-03Cortes, Calle De Almaden,,,CalleDeAlmaden, Calle De Almaden 28,CalleDeAlmaden28,28,BiciMAD,Q17402113,https://www.wikidata.org/wiki/Q17402113,24,-3.6931349,40.410829
68,2014-06-26T00:00:00Z,Retiro,Q2002296,03Retiro,https://www.wikidata.org/wiki/Q2002296,Jerónimos,Q10306766,https://www.wikidata.org/wiki/Q10306766,03-05Jeronimos, Calle De Espalter,,,CalleDeEspalter, Calle De Espalter 1,CalleDeEspalter1,1,BiciMAD,Q17402113,https://www.wikidata.org/wiki/Q17402113,21,-3.6911649,40.412781
69,2014-06-26T00:00:00Z,Retiro,Q2002296,03Retiro,https://www.wikidata.org/wiki/Q2002296,Jerónimos,Q10306766,https://www.wikidata.org/wiki/Q10306766,03-05Jeronimos,calle de Alfonso XII,Q5659170,https://www.wikidata.org/wiki/Q5659170,CalleDeAlfonsoXii, Calle De Alfonso Xii 54,CalleDeAlfonsoXii54,54,BiciMAD,Q17402113,https://www.wikidata.org/wiki/Q17402113,27,-3.6888669,40.4100609
70,2014-06-26T00:00:00Z,Retiro,Q2002296,03Retiro,https://www.wikidata.org/wiki/Q2002296,Jerónimos,Q10306766,https://www.wikidata.org/wiki/Q10306766,03-05Jeronimos,avenida de Menéndez Pelayo,Q28936960,https://www.wikidata.org/wiki/Q28936960,AvenidaDeMenendezPelayo, Avenida De Menendez Pelayo 63,AvenidaDeMenendezPelayo63,63,BiciMAD,Q17402113,https://www.wikidata.org/wiki/Q17402113,24,-3.6777994,40.4152203
71,2014-06-26T00:00:00Z,Retiro,Q2002296,03Retiro,https://www.wikidata.org/wiki/Q2002296,Niño Jesús,Q3773746,https://www.wikidata.org/wiki/Q3773746,03-06NinnoJesus,calle del Doce de Octubre,Q118724987,https://www.wikidata.org/wiki/Q118724987,CalleDelDoceDeOctubre, Calle Del Doce De Octubre 28,CalleDelDoceDeOctubre28,28,BiciMAD,Q17402113,https://www.wikidata.org/wiki/Q17402113,24,-3.674021,40.4160054
72,2014-06-26T00:00:00Z,Retiro,Q2002296,03Retiro,https://www.wikidata.org/wiki/Q2002296,Niño Jesús,Q3773746,https://www.wikidata.org/wiki/Q3773746,03-06NinnoJesus,calle del Doctor Esquerdo,Q5741005,https://www.wikidata.org/wiki/Q5741005,CalleDelDoctorEsquerdo, Calle Del Doctor Esquerdo 62,CalleDelDoctorEsquerdo62,62,BiciMAD,Q17402113,https://www.wikidata.org/wiki/Q17402113,24,-3.669623,40.415721
76,2014-06-26T00:00:00Z,Retiro,Q2002296,03Retiro,https://www.wikidata.org/wiki/Q2002296,Niño Jesús,Q3773746,https://www.wikidata.org/wiki/Q3773746,03-06NinnoJesus,avenida del Mediterráneo,Q57739480,https://www.wikidata.org/wiki/Q57739480,AvenidaDelMediterraneo, Avenida Del Mediterraneo 19,AvenidaDelMediterraneo19,19,BiciMAD,Q17402113,https://www.wikidata.org/wiki/Q17402113,24,-3.6751544,40.4072851
77,2014-06-26T00:00:00Z,Retiro,Q2002296,03Retiro,https://www.wikidata.org/wiki/Q2002296,Pacífico,Q3773753,https://www.wikidata.org/wiki/Q3773753,03-01Pacifico,plaza del Conde de Casal,Q30342082,https://www.wikidata.org/wiki/Q30342082,PlazaDelCondeDeCasal, Plaza Del Conde De Casal 8,PlazaDelCondeDeCasal8,8,BiciMAD,Q17402113,https://www.wikidata.org/wiki/Q17402113,22,-3.6707742,40.4063347
78,2014-06-26T00:00:00Z,Retiro,Q2002296,03Retiro,https://www.wikidata.org/wiki/Q2002296,Adelfas,Q3774001,https://www.wikidata.org/wiki/Q3774001,03-02Adelfas, Calle Del Cerro De La Plata,,,CalleDelCerroDeLaPlata, Calle Del Cerro De La Plata 2,CalleDelCerroDeLaPlata2,2,BiciMAD,Q17402113,https://www.wikidata.org/wiki/Q17402113,24,-3.6745783,40.4005704
79,2014-06-26T00:00:00Z,Retiro,Q2002296,03Retiro,https://www.wikidata.org/wiki/Q2002296,Pacífico,Q3773753,https://www.wikidata.org/wiki/Q3773753,03-01Pacifico,avenida de Menéndez Pelayo,Q28936960,https://www.wikidata.org/wiki/Q28936960,AvenidaDeMenendezPelayo, Avenida De Menendez Pelayo 38,AvenidaDeMenendezPelayo38,38,BiciMAD,Q17402113,https://www.wikidata.org/wiki/Q17402113,24,-3.6805524,40.4050482
82,2014-06-26T00:00:00Z,Retiro,Q2002296,03Retiro,https://www.wikidata.org/wiki/Q2002296,Estrella,Q3773738,https://www.wikidata.org/wiki/Q3773738,03-03Estrella,calle de la Lira,Q56167668,https://www.wikidata.org/wiki/Q56167668,CalleDeLaLira, Calle De La Lira 2,CalleDeLaLira2,2,BiciMAD,Q17402113,https://www.wikidata.org/wiki/Q17402113,24,-3.669683,40.4084793
83,2014-06-26T00:00:00Z,Retiro,Q2002296,03Retiro,https://www.wikidata.org/wiki/Q2002296,Niño Jesús,Q3773746,https://www.wikidata.org/wiki/Q3773746,03-06NinnoJesus,calle de Pío Baroja,Q118724995,https://www.wikidata.org/wiki/Q118724995,CalleDePioBaroja, Calle De Pio Baroja 8,CalleDePioBaroja8,8,BiciMAD,Q17402113,https://www.wikidata.org/wiki/Q17402113,24,-3.6745339,40.4132589
84,2014-06-26T00:00:00Z,Retiro,Q2002296,03Retiro,https://www.wikidata.org/wiki/Q2002296,Adelfas,Q3774001,https://www.wikidata.org/wiki/Q3774001,03-02Adelfas,calle del Doctor Esquerdo,Q5741005,https://www.wikidata.org/wiki/Q5741005,CalleDelDoctorEsquerdo, Calle Del Doctor Esquerdo 191,CalleDelDoctorEsquerdo191,191,BiciMAD,Q17402113,https://www.wikidata.org/wiki/Q17402113,24,-3.6726923,40.4033695
85,2014-06-26T00:00:00Z,Retiro,Q2002296,03Retiro,https://www.wikidata.org/wiki/Q2002296,Jerónimos,Q10306766,https://www.wikidata.org/wiki/Q10306766,03-05Jeronimos,avenida de Menéndez Pelayo,Q28936960,https://www.wikidata.org/wiki/Q28936960,AvenidaDeMenendezPelayo, Avenida De Menendez Pelayo 9,AvenidaDeMenendezPelayo9,9,BiciMAD,Q17402113,https://www.wikidata.org/wiki/Q17402113,27,-3.6799299,40.4211415
87,2014-06-26T00:00:00Z,Salamanca,Q1773521,04Salamanca,https://www.wikidata.org/wiki/Q1773521,Recoletos,Q3814551,https://www.wikidata.org/wiki/Q3814551,04-01Recoletos,calle de Ayala,Q28052812,https://www.wikidata.org/wiki/Q28052812,CalleDeAyala, Calle De Ayala 44,CalleDeAyala44,44,BiciMAD,Q17402113,https://www.wikidata.org/wiki/Q17402113,24,-3.6835631,40.4276717
88,2014-06-26T00:00:00Z,Salamanca,Q1773521,04Salamanca,https://www.wikidata.org/wiki/Q1773521,Castellana,Q4781,https://www.wikidata.org/wiki/Q4781,04-06Castellana,calle de Velázquez,Q20031523,https://www.wikidata.org/wiki/Q20031523,CalleDeVelazquez, Calle De Velazquez 73,CalleDeVelazquez73,73,BiciMAD,Q17402113,https://www.wikidata.org/wiki/Q17402113,24,-3.6837471,40.4312077
89,2014-06-26T00:00:00Z,Salamanca,Q1773521,04Salamanca,https://www.wikidata.org/wiki/Q1773521,Goya,Q3814578,https://www.wikidata.org/wiki/Q3814578,04-02Goya,calle de Ayala,Q28052812,https://www.wikidata.org/wiki/Q28052812,CalleDeAyala, Calle De Ayala 102,CalleDeAyala102,102,BiciMAD,Q17402113,https://www.wikidata.org/wiki/Q17402113,24,-3.6751716,40.4272628
90,2014-06-26T00:00:00Z,Salamanca,Q1773521,04Salamanca,https://www.wikidata.org/wiki/Q1773521,Recoletos,Q3814551,https://www.wikidata.org/wiki/Q3814551,04-01Recoletos,calle de Goya,Q28015873,https://www.wikidata.org/wiki/Q28015873,CalleDeGoya, Calle De Goya 18,CalleDeGoya18,18,BiciMAD,Q17402113,https://www.wikidata.org/wiki/Q17402113,24,-3.6837297,40.4250878
090ampliacion,2018-01-18T00:00:00Z,Salamanca,Q1773521,04Salamanca,https://www.wikidata.org/wiki/Q1773521,Recoletos,Q3814551,https://www.wikidata.org/wiki/Q3814551,04-01Recoletos,calle de Goya,Q28015873,https://www.wikidata.org/wiki/Q28015873,CalleDeGoya, Calle De Goya 20,CalleDeGoya20,20,BiciMAD,Q17402113,https://www.wikidata.org/wiki/Q17402113,6,-3.6835613,40.4250791
91,2014-06-26T00:00:00Z,Salamanca,Q1773521,04Salamanca,https://www.wikidata.org/wiki/Q1773521,Goya,Q3814578,https://www.wikidata.org/wiki/Q3814578,04-02Goya,calle de Hermosilla,Q28052826,https://www.wikidata.org/wiki/Q28052826,CalleDeHermosilla, Calle De Hermosilla 73,CalleDeHermosilla73,73,BiciMAD,Q17402113,https://www.wikidata.org/wiki/Q17402113,24,-3.6788203,40.4261113
92,2014-06-26T00:00:00Z,Salamanca,Q1773521,04Salamanca,https://www.wikidata.org/wiki/Q1773521,Recoletos,Q3814551,https://www.wikidata.org/wiki/Q3814551,04-01Recoletos,calle de Claudio Coello,Q28059043,https://www.wikidata.org/wiki/Q28059043,CalleDeClaudioCoello, Calle De Claudio Coello 45,CalleDeClaudioCoello45,45,BiciMAD,Q17402113,https://www.wikidata.org/wiki/Q17402113,24,-3.6864821,40.4262237
93,2014-06-26T00:00:00Z,Salamanca,Q1773521,04Salamanca,https://www.wikidata.org/wiki/Q1773521,Recoletos,Q3814551,https://www.wikidata.org/wiki/Q3814551,04-01Recoletos,calle de Goya,Q28015873,https://www.wikidata.org/wiki/Q28015873,CalleDeGoya, Calle De Goya 3,CalleDeGoya3,3,BiciMAD,Q17402113,https://www.wikidata.org/wiki/Q17402113,24,-3.6894124,40.4256984
94,2014-06-26T00:00:00Z,Salamanca,Q1773521,04Salamanca,https://www.wikidata.org/wiki/Q1773521,Recoletos,Q3814551,https://www.wikidata.org/wiki/Q3814551,04-01Recoletos,paseo de Recoletos,Q2550870,https://www.wikidata.org/wiki/Q2550870,PaseoDeRecoletos, Paseo De Recoletos 22,PaseoDeRecoletos22,22,BiciMAD,Q17402113,https://www.wikidata.org/wiki/Q17402113,21,-3.6907044,40.4233686
95,2014-06-26T00:00:00Z,Salamanca,Q1773521,04Salamanca,https://www.wikidata.org/wiki/Q1773521,Recoletos,Q3814551,https://www.wikidata.org/wiki/Q3814551,04-01Recoletos,calle de Claudio Coello,Q28059043,https://www.wikidata.org/wiki/Q28059043,CalleDeClaudioCoello, Calle De Claudio Coello 19,CalleDeClaudioCoello19,19,BiciMAD,Q17402113,https://www.wikidata.org/wiki/Q17402113,24,-3.6869914,40.4226634
96,2014-06-26T00:00:00Z,Salamanca,Q1773521,04Salamanca,https://www.wikidata.org/wiki/Q1773521,Recoletos,Q3814551,https://www.wikidata.org/wiki/Q3814551,04-01Recoletos,calle de Alcalá,Q2424746,https://www.wikidata.org/wiki/Q2424746,CalleDeAlcala, Calle De Alcala 111,CalleDeAlcala111,111,BiciMAD,Q17402113,https://www.wikidata.org/wiki/Q17402113,27,-3.6820471,40.4220516
97,2014-06-26T00:00:00Z,Salamanca,Q1773521,04Salamanca,https://www.wikidata.org/wiki/Q1773521,Goya,Q3814578,https://www.wikidata.org/wiki/Q3814578,04-02Goya,avenida de Menéndez Pelayo,Q28936960,https://www.wikidata.org/wiki/Q28936960,AvenidaDeMenendezPelayo, Avenida De Menendez Pelayo 1,AvenidaDeMenendezPelayo1,1,BiciMAD,Q17402113,https://www.wikidata.org/wiki/Q17402113,27,-3.6801515,40.4224846
98,2014-06-26T00:00:00Z,Salamanca,Q1773521,04Salamanca,https://www.wikidata.org/wiki/Q1773521,Goya,Q3814578,https://www.wikidata.org/wiki/Q3814578,04-02Goya, Avenida De Felipe Ii,,,AvenidaDeFelipeIi, Avenida De Felipe Ii 5,AvenidaDeFelipeIi5,5,BiciMAD,Q17402113,https://www.wikidata.org/wiki/Q17402113,24,-3.6754079,40.4241911
99,2014-06-26T00:00:00Z,Salamanca,Q1773521,04Salamanca,https://www.wikidata.org/wiki/Q1773521,Goya,Q3814578,https://www.wikidata.org/wiki/Q3814578,04-02Goya,calle de Alcántara,Q28070781,https://www.wikidata.org/wiki/Q28070781,CalleDeAlcantara, Calle De Alcantara 2,CalleDeAlcantara2,2,BiciMAD,Q17402113,https://www.wikidata.org/wiki/Q17402113,24,-3.6739638,40.4261048
100,2014-06-26T00:00:00Z,Salamanca,Q1773521,04Salamanca,https://www.wikidata.org/wiki/Q1773521,Goya,Q3814578,https://www.wikidata.org/wiki/Q3814578,04-02Goya,calle de Goya,Q28015873,https://www.wikidata.org/wiki/Q28015873,CalleDeGoya, Calle De Goya 99,CalleDeGoya99,99,BiciMAD,Q17402113,https://www.wikidata.org/wiki/Q17402113,24,-3.6738777,40.4247843
101,2014-06-26T00:00:00Z,Salamanca,Q1773521,04Salamanca,https://www.wikidata.org/wiki/Q1773521,Goya,Q3814578,https://www.wikidata.org/wiki/Q3814578,04-02Goya,calle de Jorge Juan,Q28070822,https://www.wikidata.org/wiki/Q28070822,CalleDeJorgeJuan, Calle De Jorge Juan 131,CalleDeJorgeJuan131,131,BiciMAD,Q17402113,https://www.wikidata.org/wiki/Q17402113,24,-3.6694246,40.4231223
102,2014-06-26T00:00:00Z,Salamanca,Q1773521,04Salamanca,https://www.wikidata.org/wiki/Q1773521,Recoletos,Q3814551,https://www.wikidata.org/wiki/Q3814551,04-01Recoletos,calle de Alcalá,Q2424746,https://www.wikidata.org/wiki/Q2424746,CalleDeAlcala, Calle De Alcala 95,CalleDeAlcala95,95,BiciMAD,Q17402113,https://www.wikidata.org/wiki/Q17402113,24,-3.6840806,40.4211552
103,2014-06-26T00:00:00Z,Salamanca,Q1773521,04Salamanca,https://www.wikidata.org/wiki/Q1773521,Castellana,Q4781,https://www.wikidata.org/wiki/Q4781,04-06Castellana,calle de José Ortega y Gasset,Q16540548,https://www.wikidata.org/wiki/Q16540548,CalleDeJoseOrtegaYGasset, Calle De Jose Ortega Y Gasset 4,CalleDeJoseOrtegaYGasset4,4,BiciMAD,Q17402113,https://www.wikidata.org/wiki/Q17402113,24,-3.6865351,40.4303733
104,2014-06-26T00:00:00Z,Salamanca,Q1773521,04Salamanca,https://www.wikidata.org/wiki/Q1773521,Recoletos,Q3814551,https://www.wikidata.org/wiki/Q3814551,04-01Recoletos,paseo de la Castellana,Q1473674,https://www.wikidata.org/wiki/Q1473674,PaseoDeLaCastellana, Paseo De La Castellana 4,PaseoDeLaCastellana4,4,BiciMAD,Q17402113,https://www.wikidata.org/wiki/Q17402113,21,-3.6895792,40.4267658
105,2014-06-26T00:00:00Z,Salamanca,Q1773521,04Salamanca,https://www.wikidata.org/wiki/Q1773521,Recoletos,Q3814551,https://www.wikidata.org/wiki/Q3814551,04-01Recoletos,calle de Serrano,Q5740879,https://www.wikidata.org/wiki/Q5740879,CalleDeSerrano, Calle De Serrano 46,CalleDeSerrano46,46,BiciMAD,Q17402113,https://www.wikidata.org/wiki/Q17402113,24,-3.6874745,40.4270684
106a,2014-05-26T00:00:00Z,Salamanca,Q1773521,04Salamanca,https://www.wikidata.org/wiki/Q1773521,Recoletos,Q3814551,https://www.wikidata.org/wiki/Q3814551,04-01Recoletos,calle de Serrano,Q5740879,https://www.wikidata.org/wiki/Q5740879,CalleDeSerrano, Calle De Serrano 32,CalleDeSerrano32,32,BiciMAD,Q17402113,https://www.wikidata.org/wiki/Q17402113,18,-3.6878868,40.4248642
106b,2014-06-26T00:00:00Z,Salamanca,Q1773521,04Salamanca,https://www.wikidata.org/wiki/Q1773521,Recoletos,Q3814551,https://www.wikidata.org/wiki/Q3814551,04-01Recoletos,calle de Serrano,Q5740879,https://www.wikidata.org/wiki/Q5740879,CalleDeSerrano, Calle De Serrano 34,CalleDeSerrano34,34,BiciMAD,Q17402113,https://www.wikidata.org/wiki/Q17402113,18,-3.6878604,40.4250085
107,2014-06-26T00:00:00Z,Salamanca,Q1773521,04Salamanca,https://www.wikidata.org/wiki/Q1773521,Recoletos,Q3814551,https://www.wikidata.org/wiki/Q3814551,04-01Recoletos,calle de Serrano,Q5740879,https://www.wikidata.org/wiki/Q5740879,CalleDeSerrano, Calle De Serrano 8,CalleDeSerrano8,8,BiciMAD,Q17402113,https://www.wikidata.org/wiki/Q17402113,24,-3.6884243,40.4215952
108,2014-06-26T00:00:00Z,Salamanca,Q1773521,04Salamanca,https://www.wikidata.org/wiki/Q1773521,Goya,Q3814578,https://www.wikidata.org/wiki/Q3814578,04-02Goya, Calle De Las Martires Concepcionistas,,,CalleDeLasMartiresConcepcionistas, Calle De Las Martires Concepcionistas 2,CalleDeLasMartiresConcepcionistas2,2,BiciMAD,Q17402113,https://www.wikidata.org/wiki/Q17402113,27,-3.670653,40.4274425
109,2014-06-26T00:00:00Z,Salamanca,Q1773521,04Salamanca,https://www.wikidata.org/wiki/Q1773521,Castellana,Q4781,https://www.wikidata.org/wiki/Q4781,04-06Castellana,calle de José Ortega y Gasset,Q16540548,https://www.wikidata.org/wiki/Q16540548,CalleDeJoseOrtegaYGasset, Calle De Jose Ortega Y Gasset 32,CalleDeJoseOrtegaYGasset32,32,BiciMAD,Q17402113,https://www.wikidata.org/wiki/Q17402113,24,-3.6815253,40.4301281
111a,2014-06-26T00:00:00Z,Chamberí,Q1763370,07Chamberi,https://www.wikidata.org/wiki/Q1763370,Gaztambide,Q10288587,https://www.wikidata.org/wiki/Q10288587,07-01Gaztambide,"calle del Arcipreste de Hita, Madrid",Q27243768,https://www.wikidata.org/wiki/Q27243768,CalleDelArcipresteDeHita, Calle Del Arcipreste De Hita 8,CalleDelArcipresteDeHita8,8,BiciMAD,Q17402113,https://www.wikidata.org/wiki/Q17402113,24,-3.7174896,40.4335742
111b,2014-06-26T00:00:00Z,Chamberí,Q1763370,07Chamberi,https://www.wikidata.org/wiki/Q1763370,Gaztambide,Q10288587,https://www.wikidata.org/wiki/Q10288587,07-01Gaztambide,"calle del Arcipreste de Hita, Madrid",Q27243768,https://www.wikidata.org/wiki/Q27243768,CalleDelArcipresteDeHita, Calle Del Arcipreste De Hita 12,CalleDelArcipresteDeHita12,12,BiciMAD,Q17402113,https://www.wikidata.org/wiki/Q17402113,24,-3.7177783,40.433982
112,2014-06-26T00:00:00Z,Moncloa-Aravaca,Q2017682,09MoncloaAravaca,https://www.wikidata.org/wiki/Q2017682,Argüelles,Q64874,https://www.wikidata.org/wiki/Q64874,09-02Arguelles,paseo de Moret,Q26821443,https://www.wikidata.org/wiki/Q26821443,PaseoDeMoret, Paseo De Moret 11,PaseoDeMoret11,11,BiciMAD,Q17402113,https://www.wikidata.org/wiki/Q17402113,24,-3.7248727,40.4326267
113,2014-06-26T00:00:00Z,Moncloa-Aravaca,Q2017682,09MoncloaAravaca,https://www.wikidata.org/wiki/Q2017682,Casa de Campo,Q16302441,https://www.wikidata.org/wiki/Q16302441,09-01CasaDeCampo,paseo del Pintor Rosales,Q6065691,https://www.wikidata.org/wiki/Q6065691,PaseoDelPintorRosales, Paseo Del Pintor Rosales 38,PaseoDelPintorRosales38,38,BiciMAD,Q17402113,https://www.wikidata.org/wiki/Q17402113,24,-3.7207145,40.4277472
114,2014-06-26T00:00:00Z,Moncloa-Aravaca,Q2017682,09MoncloaAravaca,https://www.wikidata.org/wiki/Q2017682,Argüelles,Q64874,https://www.wikidata.org/wiki/Q64874,09-02Arguelles,calle de Quintana,Q28016208,https://www.wikidata.org/wiki/Q28016208,CalleDeQuintana, Calle De Quintana 13,CalleDeQuintana13,13,BiciMAD,Q17402113,https://www.wikidata.org/wiki/Q17402113,24,-3.7174151,40.4278211
117,2014-06-29T00:00:00Z,Moncloa-Aravaca,Q2017682,09MoncloaAravaca,https://www.wikidata.org/wiki/Q2017682,Argüelles,Q64874,https://www.wikidata.org/wiki/Q64874,09-02Arguelles,calle de Altamirano,Q28015954,https://www.wikidata.org/wiki/Q28015954,CalleDeAltamirano, Calle De Altamirano 24,CalleDeAltamirano24,24,BiciMAD,Q17402113,https://www.wikidata.org/wiki/Q17402113,24,-3.7189152,40.4309046
118,2014-06-26T00:00:00Z,Arganzuela,Q2000929,02Arganzuela,https://www.wikidata.org/wiki/Q2000929,Palos de la Frontera,Q521009,https://www.wikidata.org/wiki/Q521009,02-06PalosDeMoguer, Calle De Juan Martin El Empecinado,,,CalleDeJuanMartinElEmpecinado, Calle De Juan Martin El Empecinado 16,CalleDeJuanMartinElEmpecinado16,16,BiciMAD,Q17402113,https://www.wikidata.org/wiki/Q17402113,24,-3.688135,40.4007959
119,2014-06-26T00:00:00Z,Arganzuela,Q2000929,02Arganzuela,https://www.wikidata.org/wiki/Q2000929,Atocha,Q3814594,https://www.wikidata.org/wiki/Q3814594,02-07Atocha,calle de Méndez Álvaro,Q5553104,https://www.wikidata.org/wiki/Q5553104,CalleDeMendezAlvaro, Calle De Mendez Alvaro 7,CalleDeMendezAlvaro7,7,BiciMAD,Q17402113,https://www.wikidata.org/wiki/Q17402113,24,-3.6865777,40.4014567
120,2014-06-26T00:00:00Z,Arganzuela,Q2000929,02Arganzuela,https://www.wikidata.org/wiki/Q2000929,Palos de la Frontera,Q521009,https://www.wikidata.org/wiki/Q521009,02-06PalosDeMoguer,calle de Palos de la Frontera,Q118669853,https://www.wikidata.org/wiki/Q118669853,CalleDePalosDeLaFrontera, Calle De Palos De La Frontera 27,CalleDePalosDeLaFrontera27,27,BiciMAD,Q17402113,https://www.wikidata.org/wiki/Q17402113,24,-3.6947791,40.4030362
121,2014-06-26T00:00:00Z,Arganzuela,Q2000929,02Arganzuela,https://www.wikidata.org/wiki/Q2000929,Palos de la Frontera,Q521009,https://www.wikidata.org/wiki/Q521009,02-06PalosDeMoguer,paseo de Santa María de la Cabeza,Q6065630,https://www.wikidata.org/wiki/Q6065630,PaseoDeSantaMariaDeLaCabeza, Paseo De Santa Maria De La Cabeza 58,PaseoDeSantaMariaDeLaCabeza58,58,BiciMAD,Q17402113,https://www.wikidata.org/wiki/Q17402113,24,-3.6986046,40.4018356
122,2014-06-26T00:00:00Z,Chamberí,Q1763370,07Chamberi,https://www.wikidata.org/wiki/Q1763370,Almagro,Q10954432,https://www.wikidata.org/wiki/Q10954432,07-04Almagro,calle de Santa Engracia,Q26728109,https://www.wikidata.org/wiki/Q26728109,CalleDeSantaEngracia, Calle De Santa Engracia 16,CalleDeSantaEngracia16,16,BiciMAD,Q17402113,https://www.wikidata.org/wiki/Q17402113,24,-3.6962626,40.429524
123,2014-06-26T00:00:00Z,Chamberí,Q1763370,07Chamberi,https://www.wikidata.org/wiki/Q1763370,Gaztambide,Q10288587,https://www.wikidata.org/wiki/Q10288587,07-01Gaztambide,calle de Guzmán el Bueno,Q27031398,https://www.wikidata.org/wiki/Q27031398,CalleDeGuzmanElBueno, Calle De Guzman El Bueno 2,CalleDeGuzmanElBueno2,2,BiciMAD,Q17402113,https://www.wikidata.org/wiki/Q17402113,24,-3.7134685,40.4306386
124,2015-04-07T00:00:00Z,Chamberí,Q1763370,07Chamberi,https://www.wikidata.org/wiki/Q1763370,Trafalgar,Q10384027,https://www.wikidata.org/wiki/Q10384027,07-03Trafalgar,calle de Manuel Silvela,Q28032364,https://www.wikidata.org/wiki/Q28032364,CalleDeManuelSilvela, Calle De Manuel Silvela 18,CalleDeManuelSilvela18,18,BiciMAD,Q17402113,https://www.wikidata.org/wiki/Q17402113,24,-3.6993182,40.4308173
125,2015-04-07T00:00:00Z,Chamberí,Q1763370,07Chamberi,https://www.wikidata.org/wiki/Q1763370,Almagro,Q10954432,https://www.wikidata.org/wiki/Q10954432,07-04Almagro,calle de Fernández de la Hoz,Q27314868,https://www.wikidata.org/wiki/Q27314868,CalleDeFernandezDeLaHoz, Calle De Fernandez De La Hoz 29,CalleDeFernandezDeLaHoz29,29,BiciMAD,Q17402113,https://www.wikidata.org/wiki/Q17402113,24,-3.6948316,40.4353128
126,2015-04-07T00:00:00Z,Chamberí,Q1763370,07Chamberi,https://www.wikidata.org/wiki/Q1763370,Trafalgar,Q10384027,https://www.wikidata.org/wiki/Q10384027,07-03Trafalgar,calle del General Álvarez de Castro,Q28024232,https://www.wikidata.org/wiki/Q28024232,CalleDelGeneralAlvarezDeCastro, Calle Del General Alvarez De Castro 4,CalleDelGeneralAlvarezDeCastro4,4,BiciMAD,Q17402113,https://www.wikidata.org/wiki/Q17402113,24,-3.7017424,40.4345672
127,2015-04-07T00:00:00Z,Chamberí,Q1763370,07Chamberi,https://www.wikidata.org/wiki/Q1763370,Arapiles,Q10856744,https://www.wikidata.org/wiki/Q10856744,07-02Arapiles,calle de Fernando el Católico,Q27243299,https://www.wikidata.org/wiki/Q27243299,CalleDeFernandoElCatolico, Calle De Fernando El Catolico 19,CalleDeFernandoElCatolico19,19,BiciMAD,Q17402113,https://www.wikidata.org/wiki/Q17402113,24,-3.7083987,40.4339055
128,2015-04-07T00:00:00Z,Chamberí,Q1763370,07Chamberi,https://www.wikidata.org/wiki/Q1763370,Gaztambide,Q10288587,https://www.wikidata.org/wiki/Q10288587,07-01Gaztambide,calle de Cea Bermúdez,Q26791743,https://www.wikidata.org/wiki/Q26791743,CalleDeCeaBermudez, Calle De Cea Bermudez 59,CalleDeCeaBermudez59,59,BiciMAD,Q17402113,https://www.wikidata.org/wiki/Q17402113,24,-3.7155506,40.4390329
128ampliacion,2019-03-18T00:00:00Z,Chamberí,Q1763370,07Chamberi,https://www.wikidata.org/wiki/Q1763370,Gaztambide,Q10288587,https://www.wikidata.org/wiki/Q10288587,07-01Gaztambide,calle de Cea Bermúdez,Q26791743,https://www.wikidata.org/wiki/Q26791743,CalleDeCeaBermudez, Calle De Cea Bermudez 59,CalleDeCeaBermudez59,59,BiciMAD,Q17402113,https://www.wikidata.org/wiki/Q17402113,3,-3.7156915,40.4390391
129,2015-04-07T00:00:00Z,Chamberí,Q1763370,07Chamberi,https://www.wikidata.org/wiki/Q1763370,Ríos Rosas,Q10366270,https://www.wikidata.org/wiki/Q10366270,07-05RiosRosas,calle de José Abascal,Q27310549,https://www.wikidata.org/wiki/Q27310549,CalleDeJoseAbascal, Calle De Jose Abascal 33,CalleDeJoseAbascal33,33,BiciMAD,Q17402113,https://www.wikidata.org/wiki/Q17402113,24,-3.6982818,40.4384684
130,2017-06-24T00:00:00Z,Chamberí,Q1763370,07Chamberi,https://www.wikidata.org/wiki/Q1763370,Ríos Rosas,Q10366270,https://www.wikidata.org/wiki/Q10366270,07-05RiosRosas,calle de Santa Engracia,Q26728109,https://www.wikidata.org/wiki/Q26728109,CalleDeSantaEngracia, Calle De Santa Engracia 129,CalleDeSantaEngracia129,129,BiciMAD,Q17402113,https://www.wikidata.org/wiki/Q17402113,20,-3.7017071,40.4417195
131,2015-04-07T00:00:00Z,Chamberí,Q1763370,07Chamberi,https://www.wikidata.org/wiki/Q1763370,Ríos Rosas,Q10366270,https://www.wikidata.org/wiki/Q10366270,07-05RiosRosas,calle de Bravo Murillo,Q5740815,https://www.wikidata.org/wiki/Q5740815,CalleDeBravoMurillo, Calle De Bravo Murillo 44,CalleDeBravoMurillo44,44,BiciMAD,Q17402113,https://www.wikidata.org/wiki/Q17402113,24,-3.704022,40.4417543
132,2015-04-07T00:00:00Z,Chamberí,Q1763370,07Chamberi,https://www.wikidata.org/wiki/Q1763370,Ríos Rosas,Q10366270,https://www.wikidata.org/wiki/Q10366270,07-05RiosRosas,calle de Santa Engracia,Q26728109,https://www.wikidata.org/wiki/Q26728109,CalleDeSantaEngracia, Calle De Santa Engracia 168,CalleDeSantaEngracia168,168,BiciMAD,Q17402113,https://www.wikidata.org/wiki/Q17402113,24,-3.7035911,40.4463889
133,2015-04-07T00:00:00Z,Tetuán,Q1773540,06Tetuan,https://www.wikidata.org/wiki/Q1773540,Cuatro Caminos,Q5824684,https://www.wikidata.org/wiki/Q5824684,06-02CuatroCaminos,calle de Dulcinea,Q118639334,https://www.wikidata.org/wiki/Q118639334,CalleDeDulcinea, Calle De Dulcinea 3,CalleDeDulcinea3,3,BiciMAD,Q17402113,https://www.wikidata.org/wiki/Q17402113,24,-3.7000292,40.4471673
134,2015-04-07T00:00:00Z,Chamberí,Q1763370,07Chamberi,https://www.wikidata.org/wiki/Q1763370,Ríos Rosas,Q10366270,https://www.wikidata.org/wiki/Q10366270,07-05RiosRosas,calle de María de Guzmán,Q27310035,https://www.wikidata.org/wiki/Q27310035,CalleDeMariaDeGuzman, Calle De Maria De Guzman 58,CalleDeMariaDeGuzman58,58,BiciMAD,Q17402113,https://www.wikidata.org/wiki/Q17402113,24,-3.6955114,40.444027
136,2015-04-07T00:00:00Z,Chamartín,Q1766348,05Chamartin,https://www.wikidata.org/wiki/Q1766348,El Viso,Q4778,https://www.wikidata.org/wiki/Q4778,05-01ElViso,paseo de la Castellana,Q1473674,https://www.wikidata.org/wiki/Q1473674,PaseoDeLaCastellana, Paseo De La Castellana 106,PaseoDeLaCastellana106,106,BiciMAD,Q17402113,https://www.wikidata.org/wiki/Q17402113,24,-3.6908127,40.4452833
137,2015-04-07T00:00:00Z,Chamartín,Q1766348,05Chamartin,https://www.wikidata.org/wiki/Q1766348,El Viso,Q4778,https://www.wikidata.org/wiki/Q4778,05-01ElViso,plaza de la República Argentina,Q29200152,https://www.wikidata.org/wiki/Q29200152,PlazaDeLaRepublicaArgentina, Plaza De La Republica Argentina 6,PlazaDeLaRepublicaArgentina6,6,BiciMAD,Q17402113,https://www.wikidata.org/wiki/Q17402113,24,-3.6852925,40.4454958
138,2015-04-07T00:00:00Z,Chamberí,Q1763370,07Chamberi,https://www.wikidata.org/wiki/Q1763370,Ríos Rosas,Q10366270,https://www.wikidata.org/wiki/Q10366270,07-05RiosRosas,paseo de la Castellana,Q1473674,https://www.wikidata.org/wiki/Q1473674,PaseoDeLaCastellana, Paseo De La Castellana 108,PaseoDeLaCastellana108,108,BiciMAD,Q17402113,https://www.wikidata.org/wiki/Q17402113,24,-3.6915818,40.4456884
140,2015-04-07T00:00:00Z,Chamartín,Q1766348,05Chamartin,https://www.wikidata.org/wiki/Q1766348,El Viso,Q4778,https://www.wikidata.org/wiki/Q4778,05-01ElViso,calle de Velázquez,Q20031523,https://www.wikidata.org/wiki/Q20031523,CalleDeVelazquez, Calle De Velazquez 134,CalleDeVelazquez134,134,BiciMAD,Q17402113,https://www.wikidata.org/wiki/Q17402113,24,-3.6829045,40.438628
140ampliacion,2020-06-28T00:00:00Z,Chamartín,Q1766348,05Chamartin,https://www.wikidata.org/wiki/Q1766348,El Viso,Q4778,https://www.wikidata.org/wiki/Q4778,05-01ElViso,calle de Velázquez,Q20031523,https://www.wikidata.org/wiki/Q20031523,CalleDeVelazquez, Calle De Velazquez 134,CalleDeVelazquez134,134,BiciMAD,Q17402113,https://www.wikidata.org/wiki/Q17402113,3,-3.6829127,40.4385198
141,2015-04-07T00:00:00Z,Chamberí,Q1763370,07Chamberi,https://www.wikidata.org/wiki/Q1763370,Almagro,Q10954432,https://www.wikidata.org/wiki/Q10954432,07-04Almagro,paseo de la Castellana,Q1473674,https://www.wikidata.org/wiki/Q1473674,PaseoDeLaCastellana, Paseo De La Castellana 43,PaseoDeLaCastellana43,43,BiciMAD,Q17402113,https://www.wikidata.org/wiki/Q17402113,12,-3.6892902,40.4354253
143,2015-04-07T00:00:00Z,Salamanca,Q1773521,04Salamanca,https://www.wikidata.org/wiki/Q1773521,Lista,Q4779,https://www.wikidata.org/wiki/Q4779,04-05Lista,calle de Diego de León,Q28059485,https://www.wikidata.org/wiki/Q28059485,CalleDeDiegoDeLeon, Calle De Diego De Leon 54,CalleDeDiegoDeLeon54,54,BiciMAD,Q17402113,https://www.wikidata.org/wiki/Q17402113,24,-3.6782355,40.434616
144,2015-06-23T00:00:00Z,Salamanca,Q1773521,04Salamanca,https://www.wikidata.org/wiki/Q1773521,Lista,Q4779,https://www.wikidata.org/wiki/Q4779,04-05Lista,calle de Juan Bravo,Q28054647,https://www.wikidata.org/wiki/Q28054647,CalleDeJuanBravo, Calle De Juan Bravo 50,CalleDeJuanBravo50,50,BiciMAD,Q17402113,https://www.wikidata.org/wiki/Q17402113,24,-3.6754628,40.4323192
145,2015-04-07T00:00:00Z,Salamanca,Q1773521,04Salamanca,https://www.wikidata.org/wiki/Q1773521,Lista,Q4779,https://www.wikidata.org/wiki/Q4779,04-05Lista,calle de José Ortega y Gasset,Q16540548,https://www.wikidata.org/wiki/Q16540548,CalleDeJoseOrtegaYGasset, Calle De Jose Ortega Y Gasset 87,CalleDeJoseOrtegaYGasset87,87,BiciMAD,Q17402113,https://www.wikidata.org/wiki/Q17402113,24,-3.671401,40.4297717
146,2015-06-23T00:00:00Z,Chamartín,Q1766348,05Chamartin,https://www.wikidata.org/wiki/Q1766348,El Viso,Q4778,https://www.wikidata.org/wiki/Q4778,05-01ElViso, Calle De Maria Francisca,,,CalleDeMariaFrancisca, Calle De Maria Francisca 1,CalleDeMariaFrancisca1,1,BiciMAD,Q17402113,https://www.wikidata.org/wiki/Q17402113,18,-3.67879,40.4442406
147,2015-04-07T00:00:00Z,Chamartín,Q1766348,05Chamartin,https://www.wikidata.org/wiki/Q1766348,El Viso,Q4778,https://www.wikidata.org/wiki/Q4778,05-01ElViso,avenida del Doctor Arce,Q29199638,https://www.wikidata.org/wiki/Q29199638,AvenidaDelDoctorArce, Avenida Del Doctor Arce 45,AvenidaDelDoctorArce45,45,BiciMAD,Q17402113,https://www.wikidata.org/wiki/Q17402113,24,-3.6795811,40.4483353
148,2015-04-07T00:00:00Z,Chamartín,Q1766348,05Chamartin,https://www.wikidata.org/wiki/Q1766348,El Viso,Q4778,https://www.wikidata.org/wiki/Q4778,05-01ElViso,calle de Serrano,Q5740879,https://www.wikidata.org/wiki/Q5740879,CalleDeSerrano, Calle De Serrano 210,CalleDeSerrano210,210,BiciMAD,Q17402113,https://www.wikidata.org/wiki/Q17402113,24,-3.6816993,40.4510203
149,2015-04-07T00:00:00Z,Chamartín,Q1766348,05Chamartin,https://www.wikidata.org/wiki/Q1766348,El Viso,Q4778,https://www.wikidata.org/wiki/Q4778,05-01ElViso,paseo de La Habana,Q28059068,https://www.wikidata.org/wiki/Q28059068,PaseoDeLaHabana, Paseo De La Habana 42,PaseoDeLaHabana42,42,BiciMAD,Q17402113,https://www.wikidata.org/wiki/Q17402113,24,-3.6878512,40.4498448
151,2015-04-07T00:00:00Z,Tetuán,Q1773540,06Tetuan,https://www.wikidata.org/wiki/Q1773540,Cuatro Caminos,Q5824684,https://www.wikidata.org/wiki/Q5824684,06-02CuatroCaminos,calle de Orense,Q26761687,https://www.wikidata.org/wiki/Q26761687,CalleDeOrense, Calle De Orense 10,CalleDeOrense10,10,BiciMAD,Q17402113,https://www.wikidata.org/wiki/Q17402113,24,-3.6952023,40.4488617
152,2015-04-07T00:00:00Z,Tetuán,Q1773540,06Tetuan,https://www.wikidata.org/wiki/Q1773540,Cuatro Caminos,Q5824684,https://www.wikidata.org/wiki/Q5824684,06-02CuatroCaminos,avenida del General Perón,Q26761632,https://www.wikidata.org/wiki/Q26761632,AvenidaDelGeneralPeron, Avenida Del General Peron 4,AvenidaDelGeneralPeron4,4,BiciMAD,Q17402113,https://www.wikidata.org/wiki/Q17402113,24,-3.6989497,40.4527163
153,2015-04-07T00:00:00Z,Tetuán,Q1773540,06Tetuan,https://www.wikidata.org/wiki/Q1773540,Cuatro Caminos,Q5824684,https://www.wikidata.org/wiki/Q5824684,06-02CuatroCaminos,avenida del General Perón,Q26761632,https://www.wikidata.org/wiki/Q26761632,AvenidaDelGeneralPeron, Avenida Del General Peron 36,AvenidaDelGeneralPeron36,36,BiciMAD,Q17402113,https://www.wikidata.org/wiki/Q17402113,24,-3.6930894,40.45235
154,2015-04-07T00:00:00Z,Tetuán,Q1773540,06Tetuan,https://www.wikidata.org/wiki/Q1773540,Cuatro Caminos,Q5824684,https://www.wikidata.org/wiki/Q5824684,06-02CuatroCaminos,calle de Orense,Q26761687,https://www.wikidata.org/wiki/Q26761687,CalleDeOrense, Calle De Orense 36,CalleDeOrense36,36,BiciMAD,Q17402113,https://www.wikidata.org/wiki/Q17402113,24,-3.6946736,40.4547769
155,2015-04-07T00:00:00Z,Tetuán,Q1773540,06Tetuan,https://www.wikidata.org/wiki/Q1773540,Cuatro Caminos,Q5824684,https://www.wikidata.org/wiki/Q5824684,06-02CuatroCaminos,calle de San Germán,Q26750807,https://www.wikidata.org/wiki/Q26750807,CalleDeSanGerman, Calle De San Germán 55,CalleDeSanGerman55,55,BiciMAD,Q17402113,https://www.wikidata.org/wiki/Q17402113,24,-3.700864,40.4572863
156,2015-04-07T00:00:00Z,Tetuán,Q1773540,06Tetuan,https://www.wikidata.org/wiki/Q1773540,Castillejos,Q11913212,https://www.wikidata.org/wiki/Q11913212,06-03Castillejos,calle de Sor Ángela de la Cruz,Q21011321,https://www.wikidata.org/wiki/Q21011321,CalleDeSorAngelaDeLaCruz, Calle De Sor Angela De La Cruz 2,CalleDeSorAngelaDeLaCruz2,2,BiciMAD,Q17402113,https://www.wikidata.org/wiki/Q17402113,24,-3.6913229,40.4592406
158,2015-04-07T00:00:00Z,Chamartín,Q1766348,05Chamartin,https://www.wikidata.org/wiki/Q1766348,Hispanoamérica,Q3814573,https://www.wikidata.org/wiki/Q3814573,05-04Hispanoamerica,avenida de Alberto Alcocer,Q26833742,https://www.wikidata.org/wiki/Q26833742,AvenidaDeAlbertoAlcocer, Avenida De Alberto Alcocer 22,AvenidaDeAlbertoAlcocer22,22,BiciMAD,Q17402113,https://www.wikidata.org/wiki/Q17402113,24,-3.6847049,40.45862
159,2015-04-07T00:00:00Z,Chamartín,Q1766348,05Chamartin,https://www.wikidata.org/wiki/Q1766348,Hispanoamérica,Q3814573,https://www.wikidata.org/wiki/Q3814573,05-04Hispanoamerica,paseo de La Habana,Q28059068,https://www.wikidata.org/wiki/Q28059068,PaseoDeLaHabana, Paseo De La Habana 63,PaseoDeLaHabana63,63,BiciMAD,Q17402113,https://www.wikidata.org/wiki/Q17402113,24,-3.6837348,40.4542549
160,2015-04-07T00:00:00Z,Chamartín,Q1766348,05Chamartin,https://www.wikidata.org/wiki/Q1766348,Hispanoamérica,Q3814573,https://www.wikidata.org/wiki/Q3814573,05-04Hispanoamerica,calle de Colombia,Q118275227,https://www.wikidata.org/wiki/Q118275227,CalleDeColombia, Calle De Colombia 7,CalleDeColombia7,7,BiciMAD,Q17402113,https://www.wikidata.org/wiki/Q17402113,24,-3.6766176,40.4571995
161,2015-04-07T00:00:00Z,Moncloa-Aravaca,Q2017682,09MoncloaAravaca,https://www.wikidata.org/wiki/Q2017682,Casa de Campo,Q16302441,https://www.wikidata.org/wiki/Q16302441,09-01CasaDeCampo,Paseo de la Florida,Q5576961,https://www.wikidata.org/wiki/Q5576961,PaseoDeLaFlorida, Paseo De La Florida 8,PaseoDeLaFlorida8,8,BiciMAD,Q17402113,https://www.wikidata.org/wiki/Q17402113,24,-3.7220624,40.4221372
161ampliacion,2018-09-15T00:00:00Z,Moncloa-Aravaca,Q2017682,09MoncloaAravaca,https://www.wikidata.org/wiki/Q2017682,Casa de Campo,Q16302441,https://www.wikidata.org/wiki/Q16302441,09-01CasaDeCampo,Paseo de la Florida,Q5576961,https://www.wikidata.org/wiki/Q5576961,PaseoDeLaFlorida, Paseo De La Florida 6,PaseoDeLaFlorida6,6,BiciMAD,Q17402113,https://www.wikidata.org/wiki/Q17402113,3,-3.7219659,40.4220566
162,2015-04-07T00:00:00Z,Arganzuela,Q2000929,02Arganzuela,https://www.wikidata.org/wiki/Q2000929,Acacias,Q3319190,https://www.wikidata.org/wiki/Q3319190,02-02Acacias, Paseo De Los Olmos,,,PaseoDeLosOlmos, Paseo De Los Olmos 28,PaseoDeLosOlmos28,28,BiciMAD,Q17402113,https://www.wikidata.org/wiki/Q17402113,24,-3.7107559,40.4035176
164,2015-04-07T00:00:00Z,Arganzuela,Q2000929,02Arganzuela,https://www.wikidata.org/wiki/Q2000929,Delicias,Q3773736,https://www.wikidata.org/wiki/Q3773736,02-05Delicias,paseo de las Delicias,Q6065662,https://www.wikidata.org/wiki/Q6065662,PaseoDeLasDelicias, Paseo De Las Delicias 94,PaseoDeLasDelicias94,94,BiciMAD,Q17402113,https://www.wikidata.org/wiki/Q17402113,24,-3.6944851,40.3971366
165,2019-09-13T00:00:00Z,Arganzuela,Q2000929,02Arganzuela,https://www.wikidata.org/wiki/Q2000929,La Chopera,Q3773750,https://www.wikidata.org/wiki/Q3773750,02-03Chopera,paseo de la Chopera,Q27044458,https://www.wikidata.org/wiki/Q27044458,PaseoDeLaChopera, Paseo De La Chopera 49,PaseoDeLaChopera49,49,BiciMAD,Q17402113,https://www.wikidata.org/wiki/Q17402113,27,-3.6976134,40.3928841
166,2016-06-26T00:00:00Z,Centro,Q1763376,01Centro,https://www.wikidata.org/wiki/Q1763376,Palacio,Q2136510,https://www.wikidata.org/wiki/Q2136510,01-01Palacio,calle de Segovia,Q8255505,https://www.wikidata.org/wiki/Q8255505,CalleDeSegovia, Calle De Segovia 21,CalleDeSegovia21,21,BiciMAD,Q17402113,https://www.wikidata.org/wiki/Q17402113,24,-3.7133382,40.4139396
167,2017-05-25T00:00:00Z,Arganzuela,Q2000929,02Arganzuela,https://www.wikidata.org/wiki/Q2000929,Imperial,Q3773740,https://www.wikidata.org/wiki/Q3773740,02-01Imperial,calle de Segovia,Q8255505,https://www.wikidata.org/wiki/Q8255505,CalleDeSegovia, Calle De Segovia 47,CalleDeSegovia47,47,BiciMAD,Q17402113,https://www.wikidata.org/wiki/Q17402113,24,-3.7176456,40.4137331
168,2019-10-17T00:00:00Z,Arganzuela,Q2000929,02Arganzuela,https://www.wikidata.org/wiki/Q2000929,Palos de la Frontera,Q521009,https://www.wikidata.org/wiki/Q521009,02-06PalosDeMoguer,paseo de Santa María de la Cabeza,Q6065630,https://www.wikidata.org/wiki/Q6065630,PaseoDeSantaMariaDeLaCabeza, Paseo De Santa Maria De La Cabeza 32,PaseoDeSantaMariaDeLaCabeza32,32,BiciMAD,Q17402113,https://www.wikidata.org/wiki/Q17402113,24,-3.6959159,40.4045828
169,2019-08-25T00:00:00Z,Arganzuela,Q2000929,02Arganzuela,https://www.wikidata.org/wiki/Q2000929,Acacias,Q3319190,https://www.wikidata.org/wiki/Q3319190,02-02Acacias,calle de Toledo,Q5740883,https://www.wikidata.org/wiki/Q5740883,CalleDeToledo, Calle De Toledo 181,CalleDeToledo181,181,BiciMAD,Q17402113,https://www.wikidata.org/wiki/Q17402113,24,-3.713846,40.401578
170,2019-06-07T00:00:00Z,Arganzuela,Q2000929,02Arganzuela,https://www.wikidata.org/wiki/Q2000929,Acacias,Q3319190,https://www.wikidata.org/wiki/Q3319190,02-02Acacias,paseo de la Esperanza,Q55947011,https://www.wikidata.org/wiki/Q55947011,PaseoDeLaEsperanza, Paseo De La Esperanza 21,PaseoDeLaEsperanza21,21,BiciMAD,Q17402113,https://www.wikidata.org/wiki/Q17402113,24,-3.704403,40.4011039
171,2019-06-07T00:00:00Z,Arganzuela,Q2000929,02Arganzuela,https://www.wikidata.org/wiki/Q2000929,Delicias,Q3773736,https://www.wikidata.org/wiki/Q3773736,02-05Delicias,calle de Embajadores,Q5740826,https://www.wikidata.org/wiki/Q5740826,CalleDeEmbajadores, Calle De Embajadores 97,CalleDeEmbajadores97,97,BiciMAD,Q17402113,https://www.wikidata.org/wiki/Q17402113,24,-3.6984459,40.3997626
172,2019-05-10T00:00:00Z,Arganzuela,Q2000929,02Arganzuela,https://www.wikidata.org/wiki/Q2000929,Palos de la Frontera,Q521009,https://www.wikidata.org/wiki/Q521009,02-06PalosDeMoguer,calle de Bustamante,Q27430098,https://www.wikidata.org/wiki/Q27430098,CalleDeBustamante, Calle De Bustamante 1,CalleDeBustamante1,1,BiciMAD,Q17402113,https://www.wikidata.org/wiki/Q17402113,24,-3.6935448,40.4008683
173,2019-08-25T00:00:00Z,Arganzuela,Q2000929,02Arganzuela,https://www.wikidata.org/wiki/Q2000929,Acacias,Q3319190,https://www.wikidata.org/wiki/Q3319190,02-02Acacias,paseo de la Esperanza,Q55947011,https://www.wikidata.org/wiki/Q55947011,PaseoDeLaEsperanza, Paseo De La Esperanza 59,PaseoDeLaEsperanza59,59,BiciMAD,Q17402113,https://www.wikidata.org/wiki/Q17402113,24,-3.7023615,40.3981757
174,2019-09-13T00:00:00Z,Arganzuela,Q2000929,02Arganzuela,https://www.wikidata.org/wiki/Q2000929,Acacias,Q3319190,https://www.wikidata.org/wiki/Q3319190,02-02Acacias, Paseo De Las Yeserias,,,PaseoDeLasYeserias, Paseo De Las Yeserias 8,PaseoDeLasYeserias8,8,BiciMAD,Q17402113,https://www.wikidata.org/wiki/Q17402113,27,-3.7063771,40.397417
175,2019-06-28T00:00:00Z,Arganzuela,Q2000929,02Arganzuela,https://www.wikidata.org/wiki/Q2000929,La Chopera,Q3773750,https://www.wikidata.org/wiki/Q3773750,02-03Chopera, Calle De Jaime El Conquistador,,,CalleDeJaimeElConquistador, Calle De Jaime El Conquistador 30,CalleDeJaimeElConquistador30,30,BiciMAD,Q17402113,https://www.wikidata.org/wiki/Q17402113,21,-3.6983033,40.3962687
176,2019-06-21T00:00:00Z,Arganzuela,Q2000929,02Arganzuela,https://www.wikidata.org/wiki/Q2000929,Delicias,Q3773736,https://www.wikidata.org/wiki/Q3773736,02-05Delicias, Calle De Alicante,,,CalleDeAlicante, Calle De Alicante 3,CalleDeAlicante3,3,BiciMAD,Q17402113,https://www.wikidata.org/wiki/Q17402113,24,-3.6936302,40.3942411
177,2019-06-21T00:00:00Z,Arganzuela,Q2000929,02Arganzuela,https://www.wikidata.org/wiki/Q2000929,Delicias,Q3773736,https://www.wikidata.org/wiki/Q3773736,02-05Delicias,calle de Bolívar,Q105775876,https://www.wikidata.org/wiki/Q105775876,CalleDeBolivar, Calle De Bolivar 3,CalleDeBolivar3,3,BiciMAD,Q17402113,https://www.wikidata.org/wiki/Q17402113,24,-3.694087,40.3915019
178,2020-02-23T00:00:00Z,Retiro,Q2002296,03Retiro,https://www.wikidata.org/wiki/Q2002296,Pacífico,Q3773753,https://www.wikidata.org/wiki/Q3773753,03-01Pacifico, Calle De Leon Gil De Palacio,,,CalleDeLeonGilDePalacio, Calle De Leon Gil De Palacio 1,CalleDeLeonGilDePalacio1,1,BiciMAD,Q17402113,https://www.wikidata.org/wiki/Q17402113,24,-3.6788939,40.4030242
180,2019-09-14T00:00:00Z,Arganzuela,Q2000929,02Arganzuela,https://www.wikidata.org/wiki/Q2000929,Atocha,Q3814594,https://www.wikidata.org/wiki/Q3814594,02-07Atocha,calle de la Retama,Q28983516,https://www.wikidata.org/wiki/Q28983516,CalleDeLaRetama, Calle De La Retama 5,CalleDeLaRetama5,5,BiciMAD,Q17402113,https://www.wikidata.org/wiki/Q17402113,24,-3.6759244,40.3941252
181,2019-06-21T00:00:00Z,Retiro,Q2002296,03Retiro,https://www.wikidata.org/wiki/Q2002296,Ibiza,Q15249910,https://www.wikidata.org/wiki/Q15249910,03-04Ibiza,calle de Ibiza,Q63247838,https://www.wikidata.org/wiki/Q63247838,CalleDeIbiza, Calle De Ibiza 18,CalleDeIbiza18,18,BiciMAD,Q17402113,https://www.wikidata.org/wiki/Q17402113,27,-3.67664,40.4181748
182,2019-05-30T00:00:00Z,Retiro,Q2002296,03Retiro,https://www.wikidata.org/wiki/Q2002296,Estrella,Q3773738,https://www.wikidata.org/wiki/Q3773738,03-03Estrella,calle del Alcalde Sáinz de Baranda,Q28070977,https://www.wikidata.org/wiki/Q28070977,CalleDelAlcaldeSainzDeBaranda, Calle Del Alcalde Sainz De Baranda 90,CalleDelAlcaldeSainzDeBaranda90,90,BiciMAD,Q17402113,https://www.wikidata.org/wiki/Q17402113,24,-3.6655023,40.4187145
183,2019-04-08T00:00:00Z,Salamanca,Q1773521,04Salamanca,https://www.wikidata.org/wiki/Q1773521,Goya,Q3814578,https://www.wikidata.org/wiki/Q3814578,04-02Goya,calle de Hermosilla,Q28052826,https://www.wikidata.org/wiki/Q28052826,CalleDeHermosilla, Calle De Hermosilla 135,CalleDeHermosilla135,135,BiciMAD,Q17402113,https://www.wikidata.org/wiki/Q17402113,24,-3.6694506,40.4256358
184,2019-04-08T00:00:00Z,Salamanca,Q1773521,04Salamanca,https://www.wikidata.org/wiki/Q1773521,Fuente del Berro,Q3814564,https://www.wikidata.org/wiki/Q3814564,04-03FuenteDelBerro, Paseo Del Marques De Zafra,,,PaseoDelMarquesDeZafra, Paseo Del Marques De Zafra 24,PaseoDelMarquesDeZafra24,24,BiciMAD,Q17402113,https://www.wikidata.org/wiki/Q17402113,24,-3.6653095,40.4260023
185,2019-04-08T00:00:00Z,Salamanca,Q1773521,04Salamanca,https://www.wikidata.org/wiki/Q1773521,Fuente del Berro,Q3814564,https://www.wikidata.org/wiki/Q3814564,04-03FuenteDelBerro, Glorieta Del Marques De Zafra,,,GlorietaDelMarquesDeZafra, Glorieta Del Marques De Zafra 4,GlorietaDelMarquesDeZafra4,4,BiciMAD,Q17402113,https://www.wikidata.org/wiki/Q17402113,24,-3.661533,40.4250682
186,2019-03-10T00:00:00Z,Salamanca,Q1773521,04Salamanca,https://www.wikidata.org/wiki/Q1773521,Lista,Q4779,https://www.wikidata.org/wiki/Q4779,04-05Lista,calle del General Pardiñas,Q28065178,https://www.wikidata.org/wiki/Q28065178,CalleDelGeneralPardinnas, Calle Del General Pardiñas 56,CalleDelGeneralPardinnas56,56,BiciMAD,Q17402113,https://www.wikidata.org/wiki/Q17402113,24,-3.6782783,40.429069
187,2019-12-07T00:00:00Z,Salamanca,Q1773521,04Salamanca,https://www.wikidata.org/wiki/Q1773521,Fuente del Berro,Q3814564,https://www.wikidata.org/wiki/Q3814564,04-03FuenteDelBerro, Calle De Alejandro Gonzalez,,,CalleDeAlejandroGonzalez, Calle De Alejandro Gonzalez 1,CalleDeAlejandroGonzalez1,1,BiciMAD,Q17402113,https://www.wikidata.org/wiki/Q17402113,24,-3.6638407,40.4301353
188,2019-09-15T00:00:00Z,Ciudad Lineal,Q1763694,15CiudadLineal,https://www.wikidata.org/wiki/Q1763694,Ventas,Q71762,https://www.wikidata.org/wiki/Q71762,15-01Ventas,avenida de Daroca,Q62107216,https://www.wikidata.org/wiki/Q62107216,AvenidaDeDaroca, Avenida De Daroca 2,AvenidaDeDaroca2,2,BiciMAD,Q17402113,https://www.wikidata.org/wiki/Q17402113,27,-3.6589062,40.4311658
189,2019-10-24T00:00:00Z,Ciudad Lineal,Q1763694,15CiudadLineal,https://www.wikidata.org/wiki/Q1763694,Concepción,Q11915156,https://www.wikidata.org/wiki/Q11915156,15-04Concepcion, Calle De La Virgen De La Alegria,,,CalleDeLaVirgenDeLaAlegria, Calle De La Virgen De La Alegria 18,CalleDeLaVirgenDeLaAlegria18,18,BiciMAD,Q17402113,https://www.wikidata.org/wiki/Q17402113,24,-3.6555431,40.4350206
190,2019-04-08T00:00:00Z,Salamanca,Q1773521,04Salamanca,https://www.wikidata.org/wiki/Q1773521,Castellana,Q4781,https://www.wikidata.org/wiki/Q4781,04-06Castellana,calle de Velázquez,Q20031523,https://www.wikidata.org/wiki/Q20031523,CalleDeVelazquez, Calle De Velazquez 91,CalleDeVelazquez91,91,BiciMAD,Q17402113,https://www.wikidata.org/wiki/Q17402113,24,-3.6834711,40.4343761
191,2019-08-26T00:00:00Z,Salamanca,Q1773521,04Salamanca,https://www.wikidata.org/wiki/Q1773521,La Guindalera,Q3814559,https://www.wikidata.org/wiki/Q3814559,04-04Guindalera,calle de Alonso Heredia,Q118608591,https://www.wikidata.org/wiki/Q118608591,CalleDeAlonsoHeredia, Calle De Alonso Heredia 1,CalleDeAlonsoHeredia1,1,BiciMAD,Q17402113,https://www.wikidata.org/wiki/Q17402113,18,-3.6740365,40.4346168
192,2019-06-21T00:00:00Z,Salamanca,Q1773521,04Salamanca,https://www.wikidata.org/wiki/Q1773521,La Guindalera,Q3814559,https://www.wikidata.org/wiki/Q3814559,04-04Guindalera,avenida de los Toreros,Q29918658,https://www.wikidata.org/wiki/Q29918658,AvenidaDeLosToreros, Avenida De Los Toreros 3,AvenidaDeLosToreros3,3,BiciMAD,Q17402113,https://www.wikidata.org/wiki/Q17402113,27,-3.6714315,40.431855
193,2019-06-21T00:00:00Z,Salamanca,Q1773521,04Salamanca,https://www.wikidata.org/wiki/Q1773521,La Guindalera,Q3814559,https://www.wikidata.org/wiki/Q3814559,04-04Guindalera,avenida de los Toreros,Q29918658,https://www.wikidata.org/wiki/Q29918658,AvenidaDeLosToreros, Avenida De Los Toreros 47,AvenidaDeLosToreros47,47,BiciMAD,Q17402113,https://www.wikidata.org/wiki/Q17402113,24,-3.665644,40.4325204
194,2019-03-10T00:00:00Z,Salamanca,Q1773521,04Salamanca,https://www.wikidata.org/wiki/Q1773521,La Guindalera,Q3814559,https://www.wikidata.org/wiki/Q3814559,04-04Guindalera,calle de Francisco Silvela,Q26833642,https://www.wikidata.org/wiki/Q26833642,CalleDeFranciscoSilvela, Calle De Francisco Silvela 86,CalleDeFranciscoSilvela86,86,BiciMAD,Q17402113,https://www.wikidata.org/wiki/Q17402113,24,-3.6771947,40.4371986
195,2019-03-10T00:00:00Z,Chamartín,Q1766348,05Chamartin,https://www.wikidata.org/wiki/Q1766348,Prosperidad,Q4776,https://www.wikidata.org/wiki/Q4776,05-02Prosperidad, Calle Del Padre Indalecio Hernandez,,,CalleDelPadreIndalecioHernandez, Calle Del Padre Indalecio Hernandez 1,CalleDelPadreIndalecioHernandez1,1,BiciMAD,Q17402113,https://www.wikidata.org/wiki/Q17402113,24,-3.6754913,40.4392483
196,2019-10-24T00:00:00Z,Chamartín,Q1766348,05Chamartin,https://www.wikidata.org/wiki/Q1766348,Ciudad Jardín,Q3773744,https://www.wikidata.org/wiki/Q3773744,05-03CiudadJardin,calle de Suero de Quiñones,Q29202471,https://www.wikidata.org/wiki/Q29202471,CalleDeSueroDeQuinnones, Calle De Suero De Quiñones 2,CalleDeSueroDeQuinnones2,2,BiciMAD,Q17402113,https://www.wikidata.org/wiki/Q17402113,24,-3.6750918,40.4440957
198,2019-10-17T00:00:00Z,Chamberí,Q1763370,07Chamberi,https://www.wikidata.org/wiki/Q1763370,Almagro,Q10954432,https://www.wikidata.org/wiki/Q10954432,07-04Almagro,glorieta de Rubén Darío,Q26844354,https://www.wikidata.org/wiki/Q26844354,GlorietaDeRubenDario, Glorieta De Ruben Dario 2,GlorietaDeRubenDario2,2,BiciMAD,Q17402113,https://www.wikidata.org/wiki/Q17402113,24,-3.6915713,40.4331172
199,2019-06-28T00:00:00Z,Chamberí,Q1763370,07Chamberi,https://www.wikidata.org/wiki/Q1763370,Gaztambide,Q10288587,https://www.wikidata.org/wiki/Q10288587,07-01Gaztambide,calle de Fernando el Católico,Q27243299,https://www.wikidata.org/wiki/Q27243299,CalleDeFernandoElCatolico, Calle De Fernando El Catolico 61,CalleDeFernandoElCatolico61,61,BiciMAD,Q17402113,https://www.wikidata.org/wiki/Q17402113,27,-3.7148406,40.4343244
200,2019-09-09T00:00:00Z,Chamberí,Q1763370,07Chamberi,https://www.wikidata.org/wiki/Q1763370,Arapiles,Q10856744,https://www.wikidata.org/wiki/Q10856744,07-02Arapiles,glorieta de Quevedo,Q12175532,https://www.wikidata.org/wiki/Q12175532,GlorietaDeQuevedo, Glorieta De Quevedo 4,GlorietaDeQuevedo4,4,BiciMAD,Q17402113,https://www.wikidata.org/wiki/Q17402113,24,-3.704671,40.4336617
201,2019-10-24T00:00:00Z,Chamberí,Q1763370,07Chamberi,https://www.wikidata.org/wiki/Q1763370,Ríos Rosas,Q10366270,https://www.wikidata.org/wiki/Q10366270,07-05RiosRosas,calle de José Abascal,Q27310549,https://www.wikidata.org/wiki/Q27310549,CalleDeJoseAbascal, Calle De Jose Abascal 2,CalleDeJoseAbascal2,2,BiciMAD,Q17402113,https://www.wikidata.org/wiki/Q17402113,24,-3.7038161,40.4387323
203,2019-05-30T00:00:00Z,Chamberí,Q1763370,07Chamberi,https://www.wikidata.org/wiki/Q1763370,Vallehermoso,Q6122685,https://www.wikidata.org/wiki/Q6122685,07-06Vallehermoso, Calle Del General Ampudia,,,CalleDelGeneralAmpudia, Calle Del General Ampudia 2,CalleDelGeneralAmpudia2,2,BiciMAD,Q17402113,https://www.wikidata.org/wiki/Q17402113,24,-3.7144239,40.4417547
204,2019-04-08T00:00:00Z,Tetuán,Q1773540,06Tetuan,https://www.wikidata.org/wiki/Q1773540,Bellas Vistas,Q11908929,https://www.wikidata.org/wiki/Q11908929,06-01BellasVistas, Calle Del Doctor Santero,,,CalleDelDoctorSantero, Calle Del Doctor Santero 1,CalleDelDoctorSantero1,1,BiciMAD,Q17402113,https://www.wikidata.org/wiki/Q17402113,24,-3.7041702,40.4476606
205,2019-06-21T00:00:00Z,Tetuán,Q1773540,06Tetuan,https://www.wikidata.org/wiki/Q1773540,Bellas Vistas,Q11908929,https://www.wikidata.org/wiki/Q11908929,06-01BellasVistas,calle de Navarra,Q118360196,https://www.wikidata.org/wiki/Q118360196,CalleDeNavarra, Calle De Navarra 1,CalleDeNavarra1,1,BiciMAD,Q17402113,https://www.wikidata.org/wiki/Q17402113,24,-3.7033408,40.4535024
206,2019-09-15T00:00:00Z,Tetuán,Q1773540,06Tetuan,https://www.wikidata.org/wiki/Q1773540,Berruguete,Q11909208,https://www.wikidata.org/wiki/Q11909208,06-06Berruguete,calle del Marqués de Viana,Q28944893,https://www.wikidata.org/wiki/Q28944893,CalleDelMarquesDeViana, Calle Del Marques De Viana 5,CalleDelMarquesDeViana5,5,BiciMAD,Q17402113,https://www.wikidata.org/wiki/Q17402113,24,-3.6990499,40.4607994
207,2019-07-26T00:00:00Z,Tetuán,Q1773540,06Tetuan,https://www.wikidata.org/wiki/Q1773540,Valdeacederas,Q10388711,https://www.wikidata.org/wiki/Q10388711,06-05Valdeacederas,calle de las Azucenas,Q27150352,https://www.wikidata.org/wiki/Q27150352,CalleDeLasAzucenas, Calle De Las Azucenas 1,CalleDeLasAzucenas1,1,BiciMAD,Q17402113,https://www.wikidata.org/wiki/Q17402113,18,-3.6973991,40.4630291
209,2019-03-10T00:00:00Z,Chamartín,Q1766348,05Chamartin,https://www.wikidata.org/wiki/Q1766348,Nueva España,Q10338128,https://www.wikidata.org/wiki/Q10338128,05-05NuevaEspanna, Plaza De Castilla,,,PlazaDeCastilla, Plaza De Castilla 9,PlazaDeCastilla9,9,BiciMAD,Q17402113,https://www.wikidata.org/wiki/Q17402113,24,-3.6887875,40.4656872
210,2019-07-19T00:00:00Z,Centro,Q1763376,01Centro,https://www.wikidata.org/wiki/Q1763376,Sol,Q2465181,https://www.wikidata.org/wiki/Q2465181,01-06Sol,calle de las Tres Cruces,Q24537177,https://www.wikidata.org/wiki/Q24537177,CalleDeLasTresCruces, Calle De Las Tres Cruces 9,CalleDeLasTresCruces9,9,BiciMAD,Q17402113,https://www.wikidata.org/wiki/Q17402113,27,-3.702631,40.4197538
211,2019-08-23T00:00:00Z,Centro,Q1763376,01Centro,https://www.wikidata.org/wiki/Q1763376,Universidad,Q10387767,https://www.wikidata.org/wiki/Q10387767,01-05Universidad,calle del Desengaño,Q5741000,https://www.wikidata.org/wiki/Q5741000,CalleDelDesenganno, Calle Del Desengaño 3,CalleDelDesenganno3,3,BiciMAD,Q17402113,https://www.wikidata.org/wiki/Q17402113,24,-3.7025369,40.4206168
212,2020-06-29T00:00:00Z,Carabanchel,Q1001991,11Carabanchel,https://www.wikidata.org/wiki/Q1001991,San Isidro,Q3813733,https://www.wikidata.org/wiki/Q3813733,11-03SanIsidro, Glorieta Del Marques De Vadillo,,,GlorietaDelMarquesDeVadillo, Glorieta Del Marques De Vadillo 9,GlorietaDelMarquesDeVadillo9,9,BiciMAD,Q17402113,https://www.wikidata.org/wiki/Q17402113,24,-3.7165313,40.3981605
213,2020-09-18T00:00:00Z,Usera,Q953368,12Usera,https://www.wikidata.org/wiki/Q953368,Moscardó,Q11937679,https://www.wikidata.org/wiki/Q11937679,12-05Moscardo,calle de Antonio López,Q42238475,https://www.wikidata.org/wiki/Q42238475,CalleDeAntonioLopez, Calle De Antonio Lopez 129,CalleDeAntonioLopez129,129,BiciMAD,Q17402113,https://www.wikidata.org/wiki/Q17402113,24,-3.7001575,40.3889363
214,2020-10-25T00:00:00Z,Ciudad Lineal,Q1763694,15CiudadLineal,https://www.wikidata.org/wiki/Q1763694,San Pascual,Q165612,https://www.wikidata.org/wiki/Q165612,15-05SanPascual, Calle De La Condesa De Venadito,,,CalleDeLaCondesaDeVenadito, Calle De La Condesa De Venadito 2,CalleDeLaCondesaDeVenadito2,2,BiciMAD,Q17402113,https://www.wikidata.org/wiki/Q17402113,24,-3.6569597,40.4434012
215,2020-10-25T00:00:00Z,Ciudad Lineal,Q1763694,15CiudadLineal,https://www.wikidata.org/wiki/Q1763694,Pueblo Nuevo,Q71753,https://www.wikidata.org/wiki/Q71753,15-02PuebloNuevo, Calle De Gutierre De Cetina,,,CalleDeGutierreDeCetina, Calle De Gutierre De Cetina 77,CalleDeGutierreDeCetina77,77,BiciMAD,Q17402113,https://www.wikidata.org/wiki/Q17402113,24,-3.6409697,40.4296903
216,2020-10-26T00:00:00Z,Latina,Q794954,10Latina,https://www.wikidata.org/wiki/Q794954,Puerta del Ángel,Q31142,https://www.wikidata.org/wiki/Q31142,10-02PuertaDelAngel, Plaza De La Puerta Del Angel,,,PlazaDeLaPuertaDelAngel, Plaza De La Puerta Del Angel 3,PlazaDeLaPuertaDelAngel3,3,BiciMAD,Q17402113,https://www.wikidata.org/wiki/Q17402113,24,-3.7288948,40.4140528
217,2020-10-31T00:00:00Z,Fuencarral-El Pardo,Q656196,08FuencarralElPardo,https://www.wikidata.org/wiki/Q656196,La Paz,Q5869740,https://www.wikidata.org/wiki/Q5869740,08-05LaPaz,calle de Pedro Rico,Q56427389,https://www.wikidata.org/wiki/Q56427389,CalleDePedroRico, Calle De Pedro Rico 4,CalleDePedroRico4,4,BiciMAD,Q17402113,https://www.wikidata.org/wiki/Q17402113,24,-3.6891094,40.4810028
218,2020-11-21T00:00:00Z,Moratalaz,Q2076109,14Moratalaz,https://www.wikidata.org/wiki/Q2076109,Media Legua,Q9031035,https://www.wikidata.org/wiki/Q9031035,14-04MediaLegua,calle del Camino de los Vinateros,Q28935892,https://www.wikidata.org/wiki/Q28935892,CalleDelCaminoDeLosVinateros, Calle Del Camino De Los Vinateros 28,CalleDelCaminoDeLosVinateros28,28,BiciMAD,Q17402113,https://www.wikidata.org/wiki/Q17402113,24,-3.6573999,40.4105519
219,2020-11-21T00:00:00Z,Moratalaz,Q2076109,14Moratalaz,https://www.wikidata.org/wiki/Q2076109,Marroquina,Q11935636,https://www.wikidata.org/wiki/Q11935636,14-03Marroquina,calle del Camino de los Vinateros,Q28935892,https://www.wikidata.org/wiki/Q28935892,CalleDelCaminoDeLosVinateros, Calle Del Camino De Los Vinateros 108,CalleDelCaminoDeLosVinateros108,108,BiciMAD,Q17402113,https://www.wikidata.org/wiki/Q17402113,24,-3.6467783,40.4083961
220,2020-11-21T00:00:00Z,Moratalaz,Q2076109,14Moratalaz,https://www.wikidata.org/wiki/Q2076109,Media Legua,Q9031035,https://www.wikidata.org/wiki/Q9031035,14-04MediaLegua, Calle Del Arroyo De Las Pilillas,,,CalleDelArroyoDeLasPilillas, Calle Del Arroyo De Las Pilillas 4,CalleDelArroyoDeLasPilillas4,4,BiciMAD,Q17402113,https://www.wikidata.org/wiki/Q17402113,24,-3.6514264,40.4061548
221,2020-11-21T00:00:00Z,Moratalaz,Q2076109,14Moratalaz,https://www.wikidata.org/wiki/Q2076109,Pavones,Q71760,https://www.wikidata.org/wiki/Q71760,14-01Pavones,calle de la Hacienda de Pavones,Q28936083,https://www.wikidata.org/wiki/Q28936083,CalleDeLaHaciendaDePavones, Calle De La Hacienda De Pavones 346,CalleDeLaHaciendaDePavones346,346,BiciMAD,Q17402113,https://www.wikidata.org/wiki/Q17402113,24,-3.6346859,40.4004579
222,2020-07-12T00:00:00Z,Usera,Q953368,12Usera,https://www.wikidata.org/wiki/Q953368,Moscardó,Q11937679,https://www.wikidata.org/wiki/Q11937679,12-05Moscardo, Calle De Eugenio Caxes,,,CalleDeEugenioCaxes, Calle De Eugenio Caxes 5,CalleDeEugenioCaxes5,5,BiciMAD,Q17402113,https://www.wikidata.org/wiki/Q17402113,24,-3.7026887,40.3917816
223,2020-07-12T00:00:00Z,Latina,Q794954,10Latina,https://www.wikidata.org/wiki/Q794954,Los Cármenes,Q10319792,https://www.wikidata.org/wiki/Q10319792,10-01Carmenes,paseo de la Ermita del Santo,Q28137105,https://www.wikidata.org/wiki/Q28137105,PaseoDeLaErmitaDelSanto, Paseo De La Ermita Del Santo 48,PaseoDeLaErmitaDelSanto48,48,BiciMAD,Q17402113,https://www.wikidata.org/wiki/Q17402113,24,-3.7245226,40.4064341
224,2020-07-12T00:00:00Z,Latina,Q794954,10Latina,https://www.wikidata.org/wiki/Q794954,Puerta del Ángel,Q31142,https://www.wikidata.org/wiki/Q31142,10-02PuertaDelAngel, Calle De Caramuel,,,CalleDeCaramuel, Calle De Caramuel 52,CalleDeCaramuel52,52,BiciMAD,Q17402113,https://www.wikidata.org/wiki/Q17402113,24,-3.7288262,40.408882
225,2020-12-19T00:00:00Z,Puente de Vallecas,Q2003054,13PuenteDeVallecas,https://www.wikidata.org/wiki/Q2003054,Numancia,Q10338144,https://www.wikidata.org/wiki/Q10338144,13-06Numancia, Calle De La Sierra Toledana,,,CalleDeLaSierraToledana, Calle De La Sierra Toledana 33,CalleDeLaSierraToledana33,33,BiciMAD,Q17402113,https://www.wikidata.org/wiki/Q17402113,24,-3.6601933,40.4026388
226,2020-12-19T00:00:00Z,Puente de Vallecas,Q2003054,13PuenteDeVallecas,https://www.wikidata.org/wiki/Q2003054,Numancia,Q10338144,https://www.wikidata.org/wiki/Q10338144,13-06Numancia, Camino De Valderribas,,,CaminoDeValderribas, Camino De Valderribas 94,CaminoDeValderribas94,94,BiciMAD,Q17402113,https://www.wikidata.org/wiki/Q17402113,24,-3.6606789,40.3991986
227,2020-12-19T00:00:00Z,Puente de Vallecas,Q2003054,13PuenteDeVallecas,https://www.wikidata.org/wiki/Q2003054,San Diego,Q11946851,https://www.wikidata.org/wiki/Q11946851,13-02SanDiego,calle del Arroyo del Olivar,Q29561517,https://www.wikidata.org/wiki/Q29561517,CalleDelArroyoDelOlivar, Calle Del Arroyo Del Olivar 4,CalleDelArroyoDelOlivar4,4,BiciMAD,Q17402113,https://www.wikidata.org/wiki/Q17402113,24,-3.6661421,40.3940355
228,2020-12-19T00:00:00Z,Carabanchel,Q1001991,11Carabanchel,https://www.wikidata.org/wiki/Q1001991,Comillas,Q955844,https://www.wikidata.org/wiki/Q955844,11-01Comilla, Calle De San Delfin,,,CalleDeSanDelfin, Calle De San Delfin 9,CalleDeSanDelfin9,9,BiciMAD,Q17402113,https://www.wikidata.org/wiki/Q17402113,24,-3.7080437,40.3943842
229,2020-12-19T00:00:00Z,Ciudad Lineal,Q1763694,15CiudadLineal,https://www.wikidata.org/wiki/Q1763694,Concepción,Q11915156,https://www.wikidata.org/wiki/Q11915156,15-04Concepcion,calle de José del Hierro,Q29910699,https://www.wikidata.org/wiki/Q29910699,CalleDeJoseDelHierro, Calle De Jose Del Hierro 5,CalleDeJoseDelHierro5,5,BiciMAD,Q17402113,https://www.wikidata.org/wiki/Q17402113,24,-3.6486507,40.4370782
230,2020-12-19T00:00:00Z,Ciudad Lineal,Q1763694,15CiudadLineal,https://www.wikidata.org/wiki/Q1763694,San Pascual,Q165612,https://www.wikidata.org/wiki/Q165612,15-05SanPascual, Calle De Carlota O'neill,,,CalleDeCarlotaOneill, Calle De Carlota O'neill 32,CalleDeCarlotaOneill32,32,BiciMAD,Q17402113,https://www.wikidata.org/wiki/Q17402113,24,-3.6491034,40.4436986
231,2020-12-19T00:00:00Z,Ciudad Lineal,Q1763694,15CiudadLineal,https://www.wikidata.org/wiki/Q1763694,San Pascual,Q165612,https://www.wikidata.org/wiki/Q165612,15-05SanPascual, Calle De Los Derechos Humanos,,,CalleDeLosDerechosHumanos, Calle De Los Derechos Humanos 14,CalleDeLosDerechosHumanos14,14,BiciMAD,Q17402113,https://www.wikidata.org/wiki/Q17402113,24,-3.6558172,40.439748
232,2020-12-19T00:00:00Z,Ciudad Lineal,Q1763694,15CiudadLineal,https://www.wikidata.org/wiki/Q1763694,Ventas,Q71762,https://www.wikidata.org/wiki/Q71762,15-01Ventas, Calle De Jose Maria Pereda,,,CalleDeJoseMariaPereda, Calle De Jose Maria Pereda 1,CalleDeJoseMariaPereda1,1,BiciMAD,Q17402113,https://www.wikidata.org/wiki/Q17402113,24,-3.6485701,40.4328362
233,2020-12-19T00:00:00Z,Ciudad Lineal,Q1763694,15CiudadLineal,https://www.wikidata.org/wiki/Q1763694,Ventas,Q71762,https://www.wikidata.org/wiki/Q71762,15-01Ventas,avenida del Marqués de Corbera,Q29168364,https://www.wikidata.org/wiki/Q29168364,AvenidaDelMarquesDeCorbera, Avenida Del Marques De Corbera 12,AvenidaDelMarquesDeCorbera12,12,BiciMAD,Q17402113,https://www.wikidata.org/wiki/Q17402113,24,-3.655633,40.4229144
234,2020-12-19T00:00:00Z,Ciudad Lineal,Q1763694,15CiudadLineal,https://www.wikidata.org/wiki/Q1763694,Ventas,Q71762,https://www.wikidata.org/wiki/Q71762,15-01Ventas,avenida del Marqués de Corbera,Q29168364,https://www.wikidata.org/wiki/Q29168364,AvenidaDelMarquesDeCorbera, Avenida Del Marques De Corbera 52,AvenidaDelMarquesDeCorbera52,52,BiciMAD,Q17402113,https://www.wikidata.org/wiki/Q17402113,24,-3.651125,40.426163
235,2020-12-19T00:00:00Z,Arganzuela,Q2000929,02Arganzuela,https://www.wikidata.org/wiki/Q2000929,Legazpi,Q3773990,https://www.wikidata.org/wiki/Q3773990,02-04Legazpi, Calle Del Sodio,,,CalleDelSodio, Calle Del Sodio 1,CalleDelSodio1,1,BiciMAD,Q17402113,https://www.wikidata.org/wiki/Q17402113,24,-3.6911834,40.3889853
236,2020-12-19T00:00:00Z,Arganzuela,Q2000929,02Arganzuela,https://www.wikidata.org/wiki/Q2000929,Imperial,Q3773740,https://www.wikidata.org/wiki/Q3773740,02-01Imperial,paseo Imperial,Q118634190,https://www.wikidata.org/wiki/Q118634190,PaseoImperial, Paseo Imperial 20,PaseoImperial20,20,BiciMAD,Q17402113,https://www.wikidata.org/wiki/Q17402113,24,-3.7171449,40.4074236
238,2020-12-19T00:00:00Z,Tetuán,Q1773540,06Tetuan,https://www.wikidata.org/wiki/Q1773540,Cuatro Caminos,Q5824684,https://www.wikidata.org/wiki/Q5824684,06-02CuatroCaminos,calle de San Germán,Q26750807,https://www.wikidata.org/wiki/Q26750807,CalleDeSanGerman, Calle De San Germán 5,CalleDeSanGerman5,5,BiciMAD,Q17402113,https://www.wikidata.org/wiki/Q17402113,24,-3.6932474,40.4562183
239,2020-12-19T00:00:00Z,Tetuán,Q1773540,06Tetuan,https://www.wikidata.org/wiki/Q1773540,Berruguete,Q11909208,https://www.wikidata.org/wiki/Q11909208,06-06Berruguete,calle de Francos Rodríguez,Q26810988,https://www.wikidata.org/wiki/Q26810988,CalleDeFrancosRodriguez, Calle De Francos Rodriguez 62,CalleDeFrancosRodriguez62,62,BiciMAD,Q17402113,https://www.wikidata.org/wiki/Q17402113,24,-3.7079276,40.4567345
240,2021-01-01T00:00:00Z,Salamanca,Q1773521,04Salamanca,https://www.wikidata.org/wiki/Q1773521,La Guindalera,Q3814559,https://www.wikidata.org/wiki/Q3814559,04-04Guindalera,avenida de Brasilia,Q118670004,https://www.wikidata.org/wiki/Q118670004,AvenidaDeBrasilia, Avenida De Brasilia 9,AvenidaDeBrasilia9,9,BiciMAD,Q17402113,https://www.wikidata.org/wiki/Q17402113,24,-3.6609886,40.4367138
241,2021-01-01T00:00:00Z,Salamanca,Q1773521,04Salamanca,https://www.wikidata.org/wiki/Q1773521,La Guindalera,Q3814559,https://www.wikidata.org/wiki/Q3814559,04-04Guindalera,avenida de Camilo José Cela,Q118611967,https://www.wikidata.org/wiki/Q118611967,AvenidaDeCamiloJoseCela, Avenida De Camilo Jose Cela 23,AvenidaDeCamiloJoseCela23,23,BiciMAD,Q17402113,https://www.wikidata.org/wiki/Q17402113,24,-3.6677796,40.4377568
242,2021-01-01T00:00:00Z,Salamanca,Q1773521,04Salamanca,https://www.wikidata.org/wiki/Q1773521,La Guindalera,Q3814559,https://www.wikidata.org/wiki/Q3814559,04-04Guindalera, Avenida De Bruselas,,,AvenidaDeBruselas, Avenida De Bruselas 56,AvenidaDeBruselas56,56,BiciMAD,Q17402113,https://www.wikidata.org/wiki/Q17402113,24,-3.6629058,40.4394662
243,2021-01-01T00:00:00Z,Salamanca,Q1773521,04Salamanca,https://www.wikidata.org/wiki/Q1773521,La Guindalera,Q3814559,https://www.wikidata.org/wiki/Q3814559,04-04Guindalera,calle de Cartagena,Q27038851,https://www.wikidata.org/wiki/Q27038851,CalleDeCartagena, Calle De Cartagena 38,CalleDeCartagena38,38,BiciMAD,Q17402113,https://www.wikidata.org/wiki/Q17402113,24,-3.6700894,40.4351648
244,2021-01-01T00:00:00Z,Chamberí,Q1763370,07Chamberi,https://www.wikidata.org/wiki/Q1763370,Vallehermoso,Q6122685,https://www.wikidata.org/wiki/Q6122685,07-06Vallehermoso, Calle De Isaac Peral,,,CalleDeIsaacPeral, Calle De Isaac Peral 44,CalleDeIsaacPeral44,44,BiciMAD,Q17402113,https://www.wikidata.org/wiki/Q17402113,24,-3.7175468,40.4398513
245,2021-01-01T00:00:00Z,Chamberí,Q1763370,07Chamberi,https://www.wikidata.org/wiki/Q1763370,Arapiles,Q10856744,https://www.wikidata.org/wiki/Q10856744,07-02Arapiles, Calle De Galileo,,,CalleDeGalileo, Calle De Galileo 63,CalleDeGalileo63,63,BiciMAD,Q17402113,https://www.wikidata.org/wiki/Q17402113,24,-3.7101726,40.4364656
246,2021-01-01T00:00:00Z,Chamberí,Q1763370,07Chamberi,https://www.wikidata.org/wiki/Q1763370,Trafalgar,Q10384027,https://www.wikidata.org/wiki/Q10384027,07-03Trafalgar,calle de Santa Engracia,Q26728109,https://www.wikidata.org/wiki/Q26728109,CalleDeSantaEngracia, Calle De Santa Engracia 87,CalleDeSantaEngracia87,87,BiciMAD,Q17402113,https://www.wikidata.org/wiki/Q17402113,24,-3.699252,40.436026
247,2021-01-01T00:00:00Z,Chamberí,Q1763370,07Chamberi,https://www.wikidata.org/wiki/Q1763370,Ríos Rosas,Q10366270,https://www.wikidata.org/wiki/Q10366270,07-05RiosRosas,calle de Zurbano,Q27043742,https://www.wikidata.org/wiki/Q27043742,CalleDeZurbano, Calle De Zurbano 90,CalleDeZurbano90,90,BiciMAD,Q17402113,https://www.wikidata.org/wiki/Q17402113,24,-3.692843,40.4383672
248,2021-01-01T00:00:00Z,Fuencarral-El Pardo,Q656196,08FuencarralElPardo,https://www.wikidata.org/wiki/Q656196,La Paz,Q5869740,https://www.wikidata.org/wiki/Q5869740,08-05LaPaz,calle de Sinesio Delgado,Q52245452,https://www.wikidata.org/wiki/Q52245452,CalleDeSinesioDelgado, Calle De Sinesio Delgado 2,CalleDeSinesioDelgado2,2,BiciMAD,Q17402113,https://www.wikidata.org/wiki/Q17402113,24,-3.6878414,40.4743243
249,2021-01-01T00:00:00Z,Chamartín,Q1766348,05Chamartin,https://www.wikidata.org/wiki/Q1766348,Castilla,Q3813735,https://www.wikidata.org/wiki/Q3813735,05-06Castilla,paseo de la Castellana,Q1473674,https://www.wikidata.org/wiki/Q1473674,PaseoDeLaCastellana, Paseo De La Castellana 298,PaseoDeLaCastellana298,298,BiciMAD,Q17402113,https://www.wikidata.org/wiki/Q17402113,24,-3.6852959,40.4794159
250,2021-01-01T00:00:00Z,Chamartín,Q1766348,05Chamartin,https://www.wikidata.org/wiki/Q1766348,El Viso,Q4778,https://www.wikidata.org/wiki/Q4778,05-01ElViso,calle de Serrano,Q5740879,https://www.wikidata.org/wiki/Q5740879,CalleDeSerrano, Calle De Serrano 113,CalleDeSerrano113,113,BiciMAD,Q17402113,https://www.wikidata.org/wiki/Q17402113,24,-3.6861,40.4408151
251,2021-01-01T00:00:00Z,Chamartín,Q1766348,05Chamartin,https://www.wikidata.org/wiki/Q1766348,Prosperidad,Q4776,https://www.wikidata.org/wiki/Q4776,05-02Prosperidad,calle de Santa Hortensia,Q28943619,https://www.wikidata.org/wiki/Q28943619,CalleDeSantaHortensia, Calle De Santa Hortensia 31,CalleDeSantaHortensia31,31,BiciMAD,Q17402113,https://www.wikidata.org/wiki/Q17402113,24,-3.6668532,40.444183
253,2021-01-01T00:00:00Z,Chamartín,Q1766348,05Chamartin,https://www.wikidata.org/wiki/Q1766348,Hispanoamérica,Q3814573,https://www.wikidata.org/wiki/Q3814573,05-04Hispanoamerica, Calle Del Doctor Fleming,,,CalleDelDoctorFleming, Calle Del Doctor Fleming 7,CalleDelDoctorFleming7,7,BiciMAD,Q17402113,https://www.wikidata.org/wiki/Q17402113,24,-3.688443,40.455606
254,2021-01-01T00:00:00Z,Chamartín,Q1766348,05Chamartin,https://www.wikidata.org/wiki/Q1766348,Nueva España,Q10338128,https://www.wikidata.org/wiki/Q10338128,05-05NuevaEspanna, Avenida De Pio Xii,,,AvenidaDePioXii, Avenida De Pio Xii 3,AvenidaDePioXii3,3,BiciMAD,Q17402113,https://www.wikidata.org/wiki/Q17402113,24,-3.6765549,40.4610436
255,2021-01-01T00:00:00Z,Chamartín,Q1766348,05Chamartin,https://www.wikidata.org/wiki/Q1766348,Nueva España,Q10338128,https://www.wikidata.org/wiki/Q10338128,05-05NuevaEspanna,calle del General López Pozas,Q29055446,https://www.wikidata.org/wiki/Q29055446,CalleDelGeneralLopezPozas, Calle Del General Lopez Pozas 2,CalleDelGeneralLopezPozas2,2,BiciMAD,Q17402113,https://www.wikidata.org/wiki/Q17402113,24,-3.6851815,40.4637286
256,2021-01-01T00:00:00Z,Moncloa-Aravaca,Q2017682,09MoncloaAravaca,https://www.wikidata.org/wiki/Q2017682,Ciudad Universitaria,Q3319235,https://www.wikidata.org/wiki/Q3319235,09-03CiudadUniversitaria,calle de Beatriz de Bobadilla,Q62935606,https://www.wikidata.org/wiki/Q62935606,CalleDeBeatrizDeBobadilla, Calle De Beatriz De Bobadilla 2,CalleDeBeatrizDeBobadilla2,2,BiciMAD,Q17402113,https://www.wikidata.org/wiki/Q17402113,24,-3.7138353,40.4463599
257,2021-01-01T00:00:00Z,Moncloa-Aravaca,Q2017682,09MoncloaAravaca,https://www.wikidata.org/wiki/Q2017682,Ciudad Universitaria,Q3319235,https://www.wikidata.org/wiki/Q3319235,09-03CiudadUniversitaria,avenida de Juan de Herrera,Q118644577,https://www.wikidata.org/wiki/Q118644577,AvenidaDeJuanDeHerrera, Avenida De Juan De Herrera 1,AvenidaDeJuanDeHerrera1,1,BiciMAD,Q17402113,https://www.wikidata.org/wiki/Q17402113,24,-3.73029,40.438804
258,2021-01-01T00:00:00Z,Moncloa-Aravaca,Q2017682,09MoncloaAravaca,https://www.wikidata.org/wiki/Q2017682,Ciudad Universitaria,Q3319235,https://www.wikidata.org/wiki/Q3319235,09-03CiudadUniversitaria,Avenida Complutense,Q63954356,https://www.wikidata.org/wiki/Q63954356,AvenidaComplutense, Avenida Complutense 14,AvenidaComplutense14,14,BiciMAD,Q17402113,https://www.wikidata.org/wiki/Q17402113,24,-3.7273004,40.449019
261,2021-01-01T00:00:00Z,Moncloa-Aravaca,Q2017682,09MoncloaAravaca,https://www.wikidata.org/wiki/Q2017682,Ciudad Universitaria,Q3319235,https://www.wikidata.org/wiki/Q3319235,09-03CiudadUniversitaria,Avenida Complutense,Q63954356,https://www.wikidata.org/wiki/Q63954356,AvenidaComplutense, Avenida Complutense 7,AvenidaComplutense7,7,BiciMAD,Q17402113,https://www.wikidata.org/wiki/Q17402113,24,-3.7292576,40.4505032
